t,id,index,x,y
0,201,11,239.0,72.0
1,201,11,241.66860419093678,72.84767427241522
2,201,11,244.33720838187355,73.69534854483044
3,201,11,246.96581257281034,74.50302281724565
4,201,11,249.3941438393649,75.11155581715039
5,201,11,252.22078023901943,76.12540024796752
6,201,11,254.92858816746195,77.01557720421795
7,201,11,257.5167004790387,77.78479843146819
8,201,11,260.1841796536278,78.6360063103871
9,201,11,263.13165882821687,79.76721418930602
10,201,11,266.08154912803633,80.89082890404842
11,201,11,268.833966202743,81.80640474071211
12,201,11,271.38714107953274,82.51955303369496
13,201,11,273.77912156027475,83.07652394748692
14,201,11,276.4481706701885,83.9227962729641
15,201,11,278.9972197801023,84.64906859844129
16,201,11,281.66486566020956,85.49975388592813
17,201,11,284.45251154031683,86.47043917341496
18,201,11,287.4817495115879,87.67611562024588
19,201,11,289.99612318394276,88.34540776455643
20,201,11,292.38803145749387,88.90260916071463
21,201,11,295.0952703032907,89.79456980503585
22,201,11,297.44323648748303,90.32425000370255
23,201,11,299.94480890249224,91.03375117084506
24,201,11,302.64284574736894,91.95400120991225
25,201,11,305.3018749500099,92.831249008144
26,201,11,307.6009041526509,93.34849680637575
27,201,11,310.12811548354136,94.14078632709004
28,201,11,312.89067798702325,95.18645549865812
29,201,11,315.9389875351557,96.49555204868473
30,201,11,318.5329083458452,97.24630321369239
31,201,11,320.8390968569543,97.7415451813424
32,201,11,323.7605044105138,99.09724723322965
33,201,11,322.6064325852804,96.10436036874178
34,201,11,321.5454354991473,93.18742858317813
35,201,11,320.73511924018277,90.50724434315698
36,201,11,320.16480298121826,88.06706010313583
37,201,11,319.42207814047924,85.47065881849429
38,201,11,318.71491010582054,82.91562740887704
39,201,11,317.68050107797205,80.04284579148947
40,201,11,316.4595012894416,76.96591483473452
41,201,11,315.66955510541976,74.27965627935507
42,201,11,314.95960892139794,71.67339772397561
43,201,11,314.04129984878165,68.86961259386952
44,201,11,313.29801505776607,66.22140409448491
45,201,11,312.4284777154103,63.455025345122536
46,201,11,311.2955055071001,60.40383342235299
47,201,11,310.80273517814777,57.84098731990073
48,201,11,310.20138954151474,55.306483131449745
49,201,11,307.7386674847083,56.14993296870893
50,201,11,304.95440511020684,56.66583225805507
51,201,11,302.2503663865373,57.26283448695715
52,201,11,299.5460985498298,57.858706810798594
53,201,11,297.0015964706948,58.6134214560204
54,201,11,294.37590279356704,59.28220759959614
55,201,11,291.6294833817789,59.82735016310911
56,201,11,288.6830639699908,60.172492726622075
57,201,11,286.3379254002126,61.124048918424755
58,201,11,283.87017240171707,61.942429322283225
59,201,11,280.7605848528057,62.111360613541066
60,201,11,278.0934360227848,62.73281541840902
61,201,11,275.025721968281,62.95139454414861
62,201,11,272.5603662721105,63.7818689772554
63,201,11,270.17287534150415,64.68158518623531
64,201,11,267.54262661825715,65.32706778373814
65,201,11,265.0314474649726,66.08765712912708
66,201,11,262.19837374605527,66.5181324940632
67,201,11,259.5659503229264,67.1521026291992
68,201,11,256.81251522149,67.66062513821691
69,201,11,254.13908012005356,68.24914764723462
70,201,11,251.02492100795607,68.39373419605484
71,201,11,247.87422790074925,68.51688563681066
72,201,11,245.2477680521651,69.18182444082002
73,201,11,242.25995140455578,69.47987989439432
74,201,11,239.91501584082175,70.43244550221677
75,201,11,236.80507659993134,70.59954527589439
76,201,11,234.45989644998497,71.55089447952163
77,201,11,231.3091275609782,71.67364730760823
78,201,11,228.80432928901155,72.46689449125127
79,201,11,225.81564466585536,72.76049812919314
80,201,11,223.0311499894088,73.27524939864317
81,201,11,220.0874336575801,73.63383752101655
82,201,11,217.5080823849317,74.37345343266797
83,201,11,215.04487848651942,75.21455268568454
84,201,11,212.29463360957504,75.74005541340459
85,201,11,209.42438873263066,76.14555814112465
86,201,11,206.91793838439844,76.93054482416842
87,201,11,203.88291556891588,77.15039408761741
88,201,11,201.02009913449942,77.59338432473974
89,201,11,198.28457036230756,78.19078062244387
90,201,11,195.86904159011573,79.10817692014798
91,201,11,193.14081827882916,79.56881892809481
92,201,11,190.40683637111886,79.9896395888998
93,201,11,190.23628984804418,82.62961972648132
94,201,11,190.51001094965451,85.70961268637159
95,201,11,190.33605056738472,88.34957788396368
96,201,11,190.04660819656104,90.86956196278149
97,201,11,189.72526461222245,93.34956164042096
98,201,11,189.37339194748387,95.78954984511425
99,201,11,189.0324186633942,98.22948519866827
100,201,11,189.422596393708,101.38932256976558
101,201,11,189.68126261615956,104.42926034981345
102,201,11,189.4119416910063,106.94923998498231
103,201,11,189.4322563669942,109.74916629007313
104,201,11,189.17257104298213,112.26909259516395
105,201,11,188.84316176065346,114.70892548446152
106,201,11,188.8873519115927,117.50857675391633
107,201,11,188.93154206253195,120.30822802337114
108,201,11,189.05573221347117,123.18787929282595
109,201,11,189.33652194862293,126.2275821694731
110,201,11,189.28659413070463,128.9474206762204
111,201,11,189.6404180670251,132.06721637257607
112,201,11,189.77841839780916,134.9871585127089
113,201,11,189.7901216577968,137.78713405433524
114,201,11,189.44182491778443,140.22710959596156
115,201,11,189.3545376875069,142.90691849563618
116,201,11,189.75461277872603,146.06663169292332
117,201,11,189.49099764079062,148.58658375256562
118,201,11,189.36715506905523,151.2263502857575
119,201,11,189.17533368306718,153.78593575885023
120,201,11,188.88280287422756,156.22512276729466
121,201,11,189.1411894138671,159.18339367784242
122,201,11,189.42459973690958,162.18215103031332
123,201,11,189.4069876128448,164.90145589990797
124,201,11,189.5188487544873,167.7405336009234
125,201,11,189.18532847709855,170.1397442836841
126,201,11,189.15291404938293,172.77683597359078
127,201,11,189.50847810822478,175.77251117353742
128,201,11,189.2209419771669,178.17025166868393
129,201,11,189.84216265531344,181.36149895467642
130,201,11,189.74871679144593,184.00070786916703
131,201,11,189.76429992460962,186.63519718983878
132,201,11,192.55352373348407,186.38977807076319
133,201,11,195.30274754235853,186.10435895168757
134,201,11,197.69205484365293,185.45989059188244
135,201,11,200.48219464265745,185.22511431111505
136,201,11,203.63233444166198,185.35033803034764
137,201,11,206.2216908277526,184.90643036057176
138,201,11,209.05149714011307,184.70772397290318
139,201,11,211.44121214965398,184.0679529038764
140,201,11,213.8718413735765,183.47906748584012
141,201,11,216.58327199547202,183.18017234394773
142,201,11,219.374879754651,182.96354797114606
143,201,11,221.84648751382997,182.4269235983444
144,201,11,224.27882048793103,181.8598570347763
145,201,11,226.79194696648017,181.38378440836547
146,201,11,229.74567396027803,181.35646253530965
147,201,11,232.49905114626063,181.12399462413504
148,201,11,234.9325195300886,180.57285491461965
149,201,11,237.60680158942415,180.27400365553697
150,201,11,240.44134998675545,180.13936329659006
151,201,11,242.83580736056444,179.56327245081826
152,201,11,245.7511670972885,179.52213914481945
153,201,11,248.78625569361927,179.59636900679212
154,201,11,251.5807540670438,179.42093001190355
155,201,11,254.05525244046837,178.925491017015
156,201,11,256.73059101589223,178.64399102089348
157,201,11,259.5262374066042,178.48791008644181
158,201,11,261.96188379731615,177.97182915199014
159,201,11,264.6384598708663,177.71340131935997
160,201,11,267.6353324494977,177.7810994716785
161,201,11,270.0716758598532,177.27804867174584
162,201,11,272.50898544580264,176.79533322709688
163,201,11,274.9471449404399,176.33382735253176
164,201,11,278.10602061077986,176.6144864300583
165,201,11,281.024128500108,176.631567822996
166,201,11,283.4619114992558,176.16016634329478
167,201,11,286.3806435754657,176.19591217073364
168,201,11,289.3790667359823,176.30195571973445
169,201,11,292.21683927951926,176.23029196272012
170,201,11,295.33445340570313,176.43472725800194
171,201,11,298.2504092854187,176.40429216008962
172,201,11,301.44552733080474,176.63901931792435
173,201,11,304.1566676431073,176.33645301984765
174,201,11,307.0288466677432,176.20732077847074
175,201,11,309.61978619430727,175.782250658147
176,201,11,312.53421349537035,175.72568322322957
177,201,11,315.28602131402846,175.4716526093455
178,201,11,318.2391378221606,175.43543800234667
179,201,11,320.90055695155485,174.99340131710764
180,201,11,321.2630589681604,177.85911354392033
181,201,11,321.3426082363204,180.44512363124434
182,201,11,321.2298422443076,182.83035192074874
183,201,11,321.3329649398796,185.4138958186295
184,201,11,321.92431155729105,188.47653185013388
185,201,11,321.90355881809705,190.94049504617297
186,201,11,321.85733368525547,193.36285831015195
187,201,11,322.02808488869164,195.98325462028933
188,201,11,322.7667166065592,199.16270214806426
189,201,11,323.084331643623,201.9446296611801
190,201,11,323.16194668068675,204.48655717429597
191,201,11,323.173959396004,206.9468031268814
192,201,11,323.9262434653281,210.12455328384306
193,201,11,323.89109919837705,212.54564457193578
194,201,11,323.8827872845871,214.96347024861493
195,201,11,324.58303746266836,218.05753041416094
196,201,11,325.2553239210007,221.15528026813908
197,201,11,325.3355072522422,223.6969133558045
198,201,11,325.6830108583364,226.47526560916467
199,201,11,325.79051446443054,229.01361786252482
200,201,11,326.29385976886095,231.9072520088338
201,201,11,326.85567386998605,234.8837769153
202,201,11,326.89039690566983,237.3860330880508
203,201,11,327.1741828757786,240.0367652819561
204,201,11,327.6737481221798,242.83879348316987
205,202,11,245.0,80.0
206,202,11,248.92835210700102,80.80196520164729
207,202,11,252.6553248670495,81.4097738907082
208,202,11,256.8190217631609,82.47131332480663
209,202,11,260.9034881265009,83.44964584841196
210,202,11,265.22795448984095,84.66797837201729
211,202,11,269.2750151434663,85.5954158188775
212,202,11,273.4816147793684,86.68479882669494
213,202,11,277.5696964845004,87.64791251269725
214,202,11,281.8177781896324,88.77102619869954
215,202,11,286.0281655723106,89.84430006261631
216,202,11,290.24043819236095,90.90944809503571
217,202,11,294.0547845875244,91.56557180289272
218,202,11,298.4237260811335,92.80502866062096
219,202,11,302.3587636692608,93.5781241283117
220,202,11,306.4498036132907,94.52859357882112
221,202,11,310.14084355732064,95.07906302933054
222,202,11,314.3375513697666,96.2092379705868
223,202,11,318.0596912370389,96.83723296248988
224,202,11,322.03967674945807,97.83264806325177
225,202,11,325.97215551140687,98.8160137705103
226,202,11,323.4765151164127,95.16534278268122
227,202,11,320.90450860585173,91.43224306542419
228,202,11,318.2186452250737,87.57504997181955
229,202,11,315.7034163920919,83.87080747865076
230,202,11,313.79513605837883,80.76198404322497
231,202,11,311.79078555057254,77.58378526144305
232,202,11,309.8116777941796,74.4554368121074
233,202,11,307.29293871202543,70.82033250542558
234,202,11,305.14553825184834,67.53755903022505
235,202,11,302.49754683060326,63.78875280489194
236,202,11,300.34596339081713,60.4421045475233
237,202,11,304.38592206008883,60.26347187703372
238,202,11,308.62590611445927,60.291898500956066
239,202,11,312.4258846838986,59.87848148748611
240,202,11,316.86588064044895,60.12430943401303
241,202,11,321.2258759450971,60.27802923229561
242,202,11,325.0258497856239,59.86320563994783
243,202,11,329.54584279474966,60.1908687525575
244,202,11,333.6658273822413,60.099490491135114
245,202,11,337.70582265827187,59.93319117999144
246,202,11,341.90582024285766,59.93769556378201
247,202,11,346.10581782744345,59.942199947572576
248,202,11,350.26581541202927,59.906704331363144
249,202,11,354.1858080222561,59.634583039380324
250,202,11,358.06567443165216,59.3480814457055
251,202,11,362.2251669878644,59.3733675109733
252,202,11,366.1845892239905,59.20303014607886
253,202,11,370.42342323924504,59.34198929088838
254,202,11,374.8223842089205,59.63540650098466
255,202,11,379.22194391809455,59.896219732126035
256,202,11,383.74189153020353,60.23719723293377
257,202,11,387.94144461083727,60.175927967069576
258,202,11,392.460997691471,60.434658701205386
259,202,11,396.6140345177861,60.152910540580656
260,203,11,254.0,78.0
261,203,11,258.64137402366254,79.57712628566964
262,203,11,262.40549117190636,80.2651895915948
263,203,11,267.12183957979346,81.9387481150687
264,203,11,271.7623276926668,83.5187870579582
265,203,11,275.76614719422025,84.44783701854561
266,203,11,279.44398689989646,85.07654229516375
267,203,11,283.67020762213855,86.30256818805825
268,203,11,288.53362541758605,88.1774332104006
269,203,11,293.16628637086416,89.78291105699718
270,203,11,298.0440918818378,91.61172783019137
271,203,11,302.45349777675983,92.92212458454743
272,203,11,306.2229036716819,93.5925213389035
273,203,11,310.45165809203644,94.81050342798095
274,203,11,315.6342721510426,97.00789170967002
275,203,11,320.7752273496106,98.9987792468874
276,203,11,326.0425695658736,100.89552603753445
277,203,11,330.5856808715465,101.61673312587075
278,203,11,327.68325115806397,96.84741212776399
279,203,11,326.0064510799822,93.26438204872366
280,203,11,323.91056679095396,89.29154013708188
281,203,11,322.2111837591684,85.7205785721241
282,203,11,319.28846824281635,80.96225659956895
283,203,11,316.4868955433744,76.2617635919371
284,203,11,314.45248873369377,72.25651159932069
285,203,11,311.53044347061916,67.37522210928661
286,203,11,309.8391153292347,63.55824747706141
287,203,11,308.2359318557305,59.93698588875483
288,203,11,303.6436093141928,60.20264295055595
289,203,11,299.69128677265513,61.10830001235706
290,203,11,295.0963318950642,61.32368263213797
291,203,11,290.42137701747333,61.45906525191887
292,203,11,286.38677129842216,62.24177197939339
293,203,11,282.5898051555775,63.208811739750224
294,203,11,277.99052911432665,63.29041992791766
295,203,11,273.2312530730758,63.2120281160851
296,203,11,268.71240315877304,63.39488464586276
297,203,11,264.11329574495875,63.48549919325061
298,203,11,259.91418833114443,63.97611374063846
299,203,11,255.87419106372488,64.5411276944355
300,203,11,251.51629763500566,64.64192992814372
301,203,11,246.1214767273789,63.62370796124747
302,203,11,241.04640630075957,63.35661116556436
303,203,11,235.8649752418247,63.95770426589743
304,203,11,231.99289233801383,65.9274607555148
305,203,11,226.90112981924,66.63843681382055
306,203,11,223.20282470589817,68.80785132387075
307,203,11,218.67094112220508,70.07845746485957
308,203,11,214.3883773944529,71.61723699628338
309,203,11,210.74032111082195,73.77948673299062
310,203,11,206.79779451054307,75.52489515315615
311,203,11,203.05665626871814,77.36661061945198
312,203,11,198.29531412542357,77.97364380845248
313,203,11,193.160869257623,78.3134220130994
314,203,11,192.97036403752668,82.33855817330489
315,203,11,193.36204409050208,86.92185248374375
316,203,11,193.6737241434775,91.42514679418261
317,203,11,193.42885090909147,95.36814524924404
318,203,11,194.33267466559198,100.42857900855394
319,203,11,194.17389325405264,104.45104817312817
320,203,11,194.60290146196934,109.03099925993467
321,203,11,195.03190966988603,113.61095034674118
322,203,11,195.22091787780275,117.95090143354768
323,203,11,195.34401805223737,122.20951063672456
324,203,11,195.48703361995234,126.46614876793547
325,203,11,195.97120980370732,131.0405966497114
326,203,11,195.9753859874623,135.13504453148735
327,203,11,197.2162413785267,140.42546132447234
328,203,11,198.31646401657102,145.64238115372777
329,203,11,198.47498868355,149.98508538701725
330,203,11,199.37971112645056,155.04543590269796
331,203,11,200.46431636938888,160.35096346414844
332,203,11,201.27941653126052,165.50388452894077
333,203,11,200.8666857258406,169.54152650981834
334,203,11,201.22858591216877,174.21288058949332
335,203,11,201.7255622409865,179.04569706377436
336,203,11,202.26648009893282,184.04353809596674
337,203,11,202.46769832306902,188.55493399595332
338,203,11,202.99500181546404,193.3859531315329
339,203,11,202.70236359865834,197.41817674073215
340,203,11,202.94040161303948,201.92716920328954
341,203,11,203.10633281148168,206.3556078106899
342,203,11,204.16981625198326,211.6627658770858
343,203,11,204.58197235453864,216.41584951446322
344,203,11,204.80989290660938,221.01019954705149
345,203,11,205.8378134586801,226.40454957963976
346,203,11,206.43793239628707,231.56437462749162
347,203,11,206.6080756016046,236.48193299483046
348,203,11,206.12053090176312,240.91025670503288
349,203,11,209.8780524670002,240.73395309142532
350,203,11,215.15201515686863,242.10312473227717
351,203,11,220.10930871024755,243.12848500310588
352,203,11,224.26849203700274,243.33991561489876
353,203,11,229.46570395362718,244.60587052300016
354,203,11,234.02619388696723,245.20747800957605
355,203,11,239.1466838203073,246.36908549615194
356,203,11,243.23024357325022,246.466945670692
357,203,11,247.95103809462154,247.22623970022124
358,203,11,252.35281250294148,247.65802872309789
359,203,11,256.9935498220653,248.33775791694399
360,203,11,260.83483874392175,248.21327733001914
361,203,11,265.39073471579695,248.84873928281502
362,203,11,269.86663068767217,249.4042012356109
363,203,11,274.2618220600641,249.88469445250394
364,203,11,278.8954789725867,250.61600752855495
365,203,11,282.80997205008,250.6214475389864
366,203,11,286.63698124332495,250.5976568441135
367,203,11,291.1742521279367,251.35473868886635
368,203,11,296.27152301254847,252.6718205336192
369,203,11,301.0583209539146,253.6094081484669
370,203,11,305.7696482051383,254.43680626973213
371,203,11,309.84444988821576,254.6000648707898
372,203,11,313.5861717484928,254.5299707166915
373,203,11,318.3374762679169,255.6689320801682
374,203,11,322.86145652855714,256.5017601544652
375,203,11,327.7054367891974,257.6545882287622
376,204,11,244.0,83.0
377,204,11,246.99146493390845,82.80728617841739
378,204,11,250.57560148168665,83.18778624983881
379,204,11,251.86090547865356,81.22406899675343
380,204,11,254.2480282428004,80.41534884640438
381,204,11,255.55728174970056,78.53443267086651
382,204,11,258.92718161509976,78.77476053456772
383,204,11,260.48208516130535,77.15501804443798
384,204,11,263.9750028197863,77.52822324610102
385,204,11,266.1285710815097,76.50341154820676
386,204,11,268.4103175189641,75.6303279003482
387,204,11,269.9776357532177,74.05986697382698
388,204,11,273.4862371904065,74.50544427374521
389,204,11,276.7313398001818,74.60588248497346
390,204,11,278.8724997574484,73.5358128629179
391,204,11,280.187596917681,71.67680886096493
392,204,11,281.54394870209785,70.00239811666327
393,204,11,284.3687798395602,69.96195562557985
394,204,11,288.1485384086311,70.83815672918685
395,204,11,291.6370449714696,71.19263665381155
396,204,11,294.42606035646935,70.6253372094924
397,204,11,295.5782138090356,68.3174680224578
398,204,11,298.41153847805805,68.3712768276081
399,204,11,300.2162963019346,70.68769994263475
400,204,11,302.2584666625209,73.24607040155338
401,204,11,303.81491462566504,75.32872969630722
402,204,11,305.61136258880913,77.65138899106105
403,204,11,305.96433349807074,78.53664229821277
404,204,11,307.7754163023404,80.8482838748684
405,204,11,308.98270648601687,82.56279622242174
406,204,11,310.5562800766512,84.63254648630821
407,204,11,312.8498536672856,87.42229675019469
408,204,11,313.9265996795891,89.02473326859734
409,204,11,316.3367647436638,91.9370705171067
410,204,11,318.3568773743733,94.51183854357862
411,204,11,319.8699780708477,96.62620045260194
412,204,11,321.3830787673221,98.74056236162527
413,204,11,323.9761794637965,101.9349242706486
414,204,11,324.9347814597078,105.24395286986243
415,204,11,325.2733275732968,107.95475151048178
416,204,11,325.9683854271305,111.02584203755806
417,204,11,327.24890684939106,114.69809803556726
418,204,11,326.93482004132574,116.81279894564187
419,204,11,327.71680753119534,120.00642200104737
420,204,11,327.1579080657605,121.88142616631625
421,204,11,326.50499197785047,123.63468658706792
422,204,11,326.24279561318457,125.74554775209303
423,204,11,325.758464610662,127.61484497791088
424,204,11,327.10147202038127,131.2815082923824
425,204,11,328.40134178199673,134.95219493648415
426,204,11,328.21407479212166,137.18645076566006
427,204,11,329.3635471139538,140.7395377752414
428,204,11,328.6653727684601,142.4956667172864
429,204,11,328.13133021325774,144.36900815811606
430,204,11,328.11585950409784,146.71929513016275
431,204,11,327.8737084235752,148.82839302161133
432,204,11,328.9793738271303,152.25478469600134
433,204,11,328.11238730083153,153.76604409251527
434,204,11,329.3575333020297,157.31036058977344
435,204,11,329.57358661540457,159.9013683021857
436,204,11,329.9096399287794,162.61237601459794
437,204,11,329.63496204587614,164.724256187027
438,204,11,329.2870706113478,166.7120044883917
439,204,11,329.12122790321234,168.81295493269866
440,204,11,329.0082872097422,170.9069144245108
441,204,11,328.7124409458783,172.75208373824464
442,204,11,330.30806873176033,176.3804416382317
443,204,11,330.41356493511324,178.71738408490543
444,204,11,330.33001068797046,180.8069814784754
445,204,11,330.489293167687,182.99459716893176
446,204,11,330.2835823256405,184.67604065711518
447,204,11,331.24285144806566,187.0926090403317
448,204,11,330.36985928712664,189.18273688957197
449,204,11,330.4837512269137,192.2368318544571
450,204,11,329.6093434140564,194.32674284068935
451,204,11,330.2047975486685,197.86105950963832
452,204,11,329.77649409760585,200.42553921394637
453,204,11,329.3481906465432,202.9900189182544
454,204,11,329.75988719548053,206.39449862256245
455,204,11,329.98142081958275,209.66626884577994
456,204,11,329.65598395765767,212.44403974859532
457,204,11,329.9057818065084,215.8161656184483
458,204,11,328.7382053913808,217.84360229229677
459,204,11,327.0328344659135,219.28727247787572
460,204,11,326.3180411837246,221.60355324085702
461,204,11,326.2396419804989,224.52632637529774
462,204,11,325.61794626813145,226.95746365349194
463,204,11,324.78143899483285,229.1534254721609
464,204,11,325.11480870288193,232.44451804485175
465,204,11,325.2108994100601,235.68854997696565
466,204,11,323.49174845848,237.36890357090897
467,204,11,322.18282347136955,238.98538399066186
468,204,11,320.54313958204335,239.9859262596874
469,204,11,318.6632217585412,240.7265977626818
470,204,11,315.58322791214545,240.25225450237596
471,204,11,312.6232762822181,239.90811394871648
472,204,11,309.5433845849636,239.45184499477463
473,204,11,306.94361395649213,239.4863801846118
474,204,11,304.82384332802064,240.00091537444894
475,204,11,302.70394709354264,240.50414401941936
476,204,11,300.2239736520279,240.63589576048685
477,204,11,297.6239886422225,240.64472462153813
478,204,11,295.14400363241714,240.77355348258942
479,204,11,293.024010021629,241.2593174968978
480,204,11,289.82401875931197,240.65257688305965
481,204,11,288.18403549680363,241.6219061207904
482,204,11,285.46409099142375,241.4849188036088
483,204,11,281.7841267455554,240.39128354760817
484,204,11,279.6641878520635,240.88910909410723
485,204,11,277.1841899804737,241.0124359137134
486,204,11,274.9441900088423,241.3720518347633
487,204,11,272.4642168071399,241.4802471564826
488,204,11,268.66426428791993,240.2645341745328
489,204,11,264.8643871042022,239.08980529607257
490,204,11,262.2653051008977,239.15889031687135
491,204,11,260.26622309759324,239.82797533767013
492,204,11,258.506617667443,240.7132700121168
493,204,11,254.82664257395965,239.64465040166516
494,204,11,252.22726708222882,239.70163332006356
495,204,11,248.66789159049802,238.79861623846196
496,204,11,245.22992215282943,238.0613527993349
497,204,11,242.63402768903111,238.20740735359868
498,204,11,239.43813322523278,237.75346190786246
499,204,11,237.6844638479072,238.7747880260132
500,204,11,234.72768170087306,238.54410345759325
501,204,11,232.37217317063676,238.9368629727489
502,204,11,228.6957354458403,237.99291862773558
503,204,11,227.30491236655564,239.41117483462534
504,204,11,224.94769646725084,239.77146437032314
505,204,11,221.86961672015377,239.39137246671194
506,204,11,219.1536435424137,239.41602121525162
507,204,11,215.3583989190403,238.37320055502465
508,204,11,213.61615912771208,239.5165776472402
509,204,11,210.78286376158306,239.46317653258996
510,204,11,208.19251901098232,239.68703826008098
511,204,11,206.8021742603816,241.11089998757203
512,204,11,205.16225818517998,242.05000975281706
513,204,11,202.45189385891877,241.70637465442408
514,204,11,200.33912424263738,241.9926074825706
515,204,11,198.2425827935208,242.1241334362139
516,204,11,195.70036835200466,241.5790226829291
517,204,11,193.99815391048853,241.87391192964427
518,204,11,194.79407959677815,240.114285522856
519,204,11,193.8724484027572,236.67556731032067
520,204,11,194.4301933065634,234.67591069706467
521,204,11,195.31826270622977,233.03690588969403
522,204,11,194.5979310404716,229.839691941977
523,204,11,194.74928389071937,227.48120359625736
524,204,11,193.687114326224,223.92321179871627
525,204,11,193.16346561434423,220.84357821108296
526,204,11,193.5122349999973,218.60360246633044
527,204,11,193.47483223474424,216.00387151233704
528,204,11,194.63742946949117,214.60414055834366
529,204,11,194.62290234789137,212.12762318818145
530,204,11,194.95826261011374,210.0116495083735
531,204,11,195.2502638963126,207.8984552457682
532,204,11,193.9362358447246,204.22900919090048
533,204,11,194.1816827162156,201.99153395892063
534,204,11,193.42021893455146,198.796552369928
535,204,11,193.11107835097366,195.9574718441069
536,204,11,193.08879058490774,193.35756737365344
537,204,11,192.46650281884183,190.1576629032
538,204,11,193.73975803149784,188.64485507715864
539,204,11,194.0019168436445,186.66689787584792
540,204,11,192.95663150259207,183.79883408053914
541,205,11,245.0,80.0
542,205,11,247.63620120400057,80.84969440094132
543,205,11,250.45384592812366,81.87321730181993
544,205,11,253.03385853615072,82.64645364179913
545,205,11,255.3150861241332,83.11432993532796
546,205,11,257.5360007690051,83.52359227616114
547,205,11,259.696268543913,83.87570762242332
548,205,11,261.6755317413908,84.05222201451923
549,205,11,264.07270974718574,84.65774833764975
550,205,11,266.23024822831707,85.02172797810545
551,205,11,268.1466647019065,85.15050667843902
552,205,11,271.0203540409822,86.25076917824104
553,205,11,273.4176841496035,86.85564344202368
554,205,11,275.81543389317915,87.45871446538231
555,205,11,278.33362097860453,88.17989941856374
556,205,11,281.03317666684916,89.07513691874681
557,205,11,283.19558567008727,89.41774581797156
558,205,11,285.5364987528833,89.94701506778144
559,205,11,288.1174118356793,90.71628431759132
560,205,11,290.0405391633376,90.8156631065123
561,205,11,292.0795526399502,91.05326514912815
562,205,11,293.87542000890903,91.06437642158892
563,205,11,296.5052043117668,91.94066202973612
564,205,11,298.83860798410467,92.50211309788018
565,205,11,300.57201165644256,92.46356416602426
566,205,11,303.07697975097426,93.23898280816583
567,205,11,305.94470482097574,94.36353049525948
568,205,11,308.40141612525815,95.03105244042584
569,205,11,310.92031844998763,95.74913785685621
570,205,11,313.74288278916015,96.75105003034638
571,205,11,316.0363452457065,97.16138444927269
572,205,11,317.8482409169738,97.09949191781311
573,205,11,320.24266241574037,97.71669588952952
574,205,11,322.51953147901946,98.2035441144412
575,205,11,325.3331800306708,99.24397648090083
576,205,11,327.1022939564164,99.02777226883788
577,205,11,329.7376393536785,100.15118783270735
578,205,11,329.685060347856,102.49117635952273
579,205,11,329.69422118212225,104.89115887594144
580,205,11,329.1633820163885,106.75114139236017
581,205,11,328.82904077284746,108.79100422765242
582,205,11,328.86591267278897,111.1907209740612
583,205,11,328.72278457273046,113.41043772046997
584,205,11,329.1255956922257,116.17005585843434
585,205,11,329.15608243813074,118.56986221693998
586,205,11,329.7865691840358,121.56966857544563
587,205,11,329.91464467484747,124.08965498925055
588,205,11,329.31800785690126,125.8896526327924
589,205,11,329.1656962784038,128.10949290900137
590,205,11,329.0208886813895,130.32923487320755
591,205,11,329.4238639425008,133.08885007713764
592,205,11,329.45049870956,135.48870227866666
593,205,11,329.1771334766192,137.58855448019568
594,205,11,328.79878127408955,139.56819309068808
595,205,11,329.282215197919,142.3873546395021
596,205,11,329.50263604413476,144.9670142310257
597,205,11,329.29245099195305,147.12682902989803
598,205,11,329.45728012337446,149.6464103160761
599,205,11,328.95411865282335,151.5061275749939
600,205,11,328.72902466343066,153.60495835051245
601,205,11,329.3061050976663,156.48299408612786
602,205,11,328.88448622578534,158.40228390686224
603,205,11,329.16505431776926,160.98017591003392
604,205,11,329.24842961986894,163.37872725595082
605,205,11,329.3918049219686,165.83727860186772
606,205,11,328.9879388660322,167.75607071928042
607,205,11,328.5885549670579,169.61194782634
608,205,11,328.5677709942011,171.76191525989293
609,205,11,329.3659206695165,174.68799127400786
610,205,11,329.21321705581386,176.7834669625891
611,205,11,329.561985212827,179.29253898543328
612,205,11,329.50563138657907,181.44550243748728
613,205,11,329.3562471335426,183.34262111939185
614,205,11,331.93218769390216,184.13342208023613
615,205,11,334.50952744574096,184.9182549761538
616,205,11,336.72831208220765,185.33685169377034
617,205,11,339.066348054787,185.87868911488945
618,205,11,340.98438402736633,186.00052653600858
619,205,11,343.37958054051524,186.61447350547158
620,205,11,345.65520035495314,187.10663297736804
621,205,11,347.5703786483295,187.24065674774602
622,205,11,350.02231763214786,187.92816055896517
623,205,11,352.2352269499505,188.37166221371825
624,205,11,354.7471183859778,189.11936136871373
625,205,11,356.66061429286964,189.26042896938137
626,205,11,358.57015628374734,189.41769330461915
627,205,11,361.4954985835009,190.61164884923252
628,205,11,364.18718908167904,191.54017274556907
629,205,11,367.0629054086154,192.6319238127026
630,205,11,369.10501835854245,192.85585790186275
631,205,11,371.44331603203284,193.39656483741058
632,205,11,373.84161370552323,193.9972717729584
633,205,11,375.6408134955073,193.99406255393222
634,205,11,377.97103079068904,194.56859484826913
635,205,11,380.3612480858707,195.20312714260604
636,205,11,383.05270728313764,196.13259883767057
637,205,11,385.39255547106103,196.66655619315105
638,205,11,387.4324036589844,196.90051354863152
639,205,11,389.8825842024137,197.59519488208832
640,205,11,392.0975323265016,198.03018790710607
641,205,11,393.82627626407464,198.01066329264523
642,205,11,395.990613270565,198.62673695796596
643,205,11,397.9011238556676,199.044414065085
644,206,11,245.0,80.0
645,206,11,249.28303554066773,81.00777306839241
646,206,11,252.96607108133546,81.41554613678481
647,206,11,256.34335868875655,81.54744279992593
648,206,11,260.7114616598291,82.71669348536956
649,206,11,264.8806509791094,83.68159843706385
650,206,11,268.44868259462595,84.05113391050605
651,206,11,273.10801823514674,85.55479142141652
652,206,11,277.3726970779494,86.63761844719284
653,206,11,281.83737592075204,87.92044547296915
654,206,11,285.8051906539504,88.69084605363743
655,206,11,290.0678413715971,89.78162965240747
656,206,11,294.53049208924386,91.07241325117752
657,206,11,298.99740938147556,92.34638570019753
658,206,11,303.769163701991,93.90095434431608
659,206,11,307.9548404287197,94.79743565070144
660,206,11,312.13720511833765,95.70805559168504
661,206,11,315.41544421894747,95.73600023903397
662,206,11,319.0386516812828,96.37071426668385
663,206,11,322.21565023538864,96.75371212604506
664,206,11,325.3766682709722,97.5472683000957
665,206,11,328.66356571656155,99.00931297649595
666,206,11,326.95821322301026,96.36359183907607
667,206,11,324.5378176379223,93.02897347528466
668,206,11,321.1138536116914,88.6970033750366
669,206,11,317.6062843678107,84.25291214619284
670,206,11,314.7214216039393,80.39222618812926
671,206,11,311.14598724562114,75.82471474932568
672,206,11,309.21228447068984,72.82744491675747
673,206,11,306.64565311075415,69.25359496716602
674,206,11,304.0790217508185,65.67974501757456
675,206,11,300.7123903908829,61.305895067983116
676,206,11,300.3513015901572,56.60631916132735
677,206,11,299.8181369224605,51.706444151191654
678,206,11,300.6373231645372,48.10648598228653
679,206,11,300.6637443566991,43.80710123450223
680,206,11,301.2773745600018,40.10794901410584
681,206,11,300.99086579259074,35.61190369135509
682,206,11,300.62076713649583,31.015192824446203
683,206,11,301.19085233767055,27.317111180701264
684,206,11,301.3889887799869,23.427478121715286
685,206,11,301.2362520845427,19.350832204509025
686,206,11,301.2595563378901,15.588788874165687
687,206,11,301.19218306714447,12.196448142694464
688,207,11,245.0,80.0
689,207,11,240.76,79.36
690,207,11,236.7602371068033,79.00131722115577
691,207,11,233.48090701281666,79.39076413989424
692,207,11,229.08119123012094,78.63600000853067
693,207,11,226.20291342727407,79.46734116686656
694,207,11,222.6032142152618,79.51387699218596
695,207,11,218.36351500324952,78.92041281750535
696,207,11,214.5253982336658,78.79684181922124
697,207,11,210.4483835198205,78.46341994985623
698,207,11,207.57492802714043,79.40039373197608
699,207,11,204.21619720466293,79.7359786018589
700,207,11,201.176536950686,80.3454362194596
701,207,11,197.0973574696883,79.78857879584275
702,207,11,193.01790712330407,79.37148510645179
703,207,11,189.74891708298645,79.97282207611804
704,207,11,186.86897603589267,80.71342444125682
705,207,11,189.76126919669974,78.85712579630004
706,207,11,192.6662057453814,77.02975254126541
707,207,11,195.18421845918328,74.8330451162658
708,207,11,198.3688895160174,73.34143874741042
709,207,11,201.7190548864446,72.02371647364015
710,207,11,205.38922025687182,71.02599419986988
711,207,11,208.32643210770595,69.27580270876491
712,207,11,211.04122046666797,67.32989495299769
713,207,11,214.98507651545606,66.66127042081536
714,207,11,219.06071612806755,66.0775515898274
715,207,11,221.65145094570386,63.943679259208125
716,207,11,225.65325437120413,63.295937931031276
717,207,11,229.2818992903153,62.197181856422326
718,207,11,232.7950804312871,60.93842062847887
719,207,11,235.71223365516934,59.043352691814334
720,207,11,239.09301059993146,57.686386595858366
721,207,11,242.21003906584866,56.03605628563568
722,207,11,245.56160001753614,56.04240954888533
723,207,11,249.39212442892995,56.54343531616732
724,207,11,253.54375666509588,57.34874711803128
725,207,11,256.6579083959264,57.07386497626838
726,207,11,260.8097320365188,57.87635814087645
727,207,11,263.60445823899994,57.27114912936345
728,207,11,266.55438174737674,56.90031302739478
729,207,11,270.459019916915,57.5525316203266
730,207,11,274.2067277597792,58.009772994046095
731,207,11,277.3160585843866,57.80672828199506
732,207,11,280.7393481293785,57.9931904541749
733,207,11,284.6399649818214,58.68626277424445
734,207,11,288.4668692338199,59.233049160831094
735,207,11,292.13893553649837,59.55192083592458
736,207,11,295.65310158785917,59.676787610306
737,207,11,299.4031911399507,60.10372769340205
738,207,11,299.44606937661314,56.503983055678326
739,207,11,299.80894761327556,53.2242384179546
740,207,11,299.58485956219437,49.38427358342057
741,207,11,299.3828042142461,45.54447356072755
742,207,11,299.6853053492643,42.185016156045364
743,207,11,299.80050329935125,38.66518822900362
744,207,11,300.62555705878964,35.86527540934562
745,207,11,299.73851576352047,31.466327811377866
746,207,11,299.78236459640374,27.866594865747764
747,207,11,300.066213429287,24.50686192011766
748,207,11,299.64978218014033,20.50689941836136
749,207,11,300.16971140924943,17.3088976145812
750,207,11,300.4061425225387,14.029867711791569
751,207,11,300.36515209626253,10.768012618109392
752,208,11,236.0,81.0
753,208,11,237.45358093513752,76.92228102566555
754,208,11,238.82293772305044,72.88907324141795
755,208,11,239.42678384483884,68.32887918181905
756,208,11,243.30327291437456,67.42918991213752
757,208,11,248.22175923475243,67.63119177106034
758,208,11,253.05938760651222,67.72349832100406
759,208,11,257.41615392033754,67.31104700590036
760,208,11,261.21386941891376,66.36609117072238
761,208,11,265.093653539649,65.6015261324945
762,208,11,270.01333591035336,65.9755824793113
763,208,11,274.85333427830034,66.21945738381807
764,208,11,279.5331443074409,66.25765193180702
765,208,11,284.21274145502804,66.27677435047976
766,208,11,288.49193590949676,65.87069084460242
767,208,11,293.0915876590842,65.92729281026799
768,208,11,297.0512394086717,65.34389477593353
769,208,11,292.8994027287716,66.4078095592573
770,208,11,288.9850493503799,67.69423457790384
771,208,11,283.8666852794804,67.75174327997412
772,208,11,279.1519691429885,68.23560733082658
773,208,11,273.95837713832367,68.24737404910303
774,208,11,269.16967171849325,68.6924134666591
775,208,11,264.382969859675,69.15062704932467
776,208,11,259.9984249907077,70.02274497069949
777,208,11,255.29235873501838,70.56508505846547
778,208,11,250.98790169798707,71.51776327377483
779,208,11,247.24089761427877,73.01400594895362
780,208,11,243.0054333626975,73.97255544003875
781,208,11,238.84662165615293,74.98675070562813
782,208,11,234.843564040428,76.12856269895119
783,208,11,230.43461041986168,76.82210071363622
784,208,11,225.70395232967297,77.18083438575756
785,208,11,221.77515779061395,78.35573293675989
786,208,11,217.3586522429296,78.98005714678379
787,208,11,212.54022824154796,79.18506688102856
788,208,11,208.6850954136441,80.38272743731973
789,208,11,203.77977263330806,80.42989905949577
790,208,11,199.9193337538126,81.57366747644812
791,208,11,194.84749046185988,81.36748344046183
792,208,11,190.58464980237954,82.08443619560269
793,208,11,186.31368695807407,82.69263779554053
794,208,11,180.99572828097246,82.10966335398074
795,208,11,176.2270859624791,82.67675613126914
796,208,11,172.16486192734084,82.42998187841457
797,208,11,167.14552351036687,81.20539693619227
798,208,11,162.12316346016786,79.99947326640603
799,208,11,158.37767700957332,80.09339046144508
800,208,11,153.9177098260629,79.4326489595375
801,208,11,149.53833367659416,78.84829408877047
802,208,11,144.76021406747736,77.8563164206516
803,208,11,140.7800957710823,77.6765016771253
804,208,11,136.7249834359678,77.38659511922864
805,208,11,132.43455491957764,76.82958981317435
806,208,11,127.66667776351443,75.77821538690681
807,208,11,122.97604360211322,74.82237991675962
808,208,11,118.52342534548671,74.11792358292318
809,208,11,113.67189417285027,73.00721173185211
810,208,11,109.29557948712451,72.40442141199426
811,208,11,105.40193782433138,72.26590148714565
812,208,11,100.40080026879174,70.93777696569319
813,208,11,95.4687859948474,69.74983875697076
814,208,11,90.60640317504978,68.70405757892368
815,208,11,85.41422444804225,67.40249213440585
816,208,11,80.99916205337787,67.08415743471554
817,208,11,76.83218471807238,66.93395927149984
818,208,11,73.03577047995174,66.78103176608997
819,208,11,68.47371012224141,65.66607526949622
820,208,11,64.70871330996418,65.36391892437918
821,208,11,60.41800741935251,64.36150029270013
822,208,11,56.21781186156734,63.39955877639212
823,208,11,51.80220159457271,62.110223300260486
824,209,11,245.0,80.0
825,209,11,248.43142158576762,79.84311942335722
826,209,11,251.0446355827927,78.83757847155456
827,209,11,253.41784957981778,77.5920375197519
828,209,11,256.8372767176996,77.40279464293728
829,209,11,260.1541447494523,77.07576244397652
830,209,11,263.4477749826607,76.6928447576935
831,209,11,265.9947444928226,75.52968255305228
832,209,11,269.26171400298443,75.08652034841106
833,209,11,272.1752862888592,74.25284520329289
834,209,11,274.7473654608899,73.05631028393871
835,209,11,276.83459175260595,71.37034552011492
836,209,11,278.7881367709478,69.576614819853
837,209,11,280.62010694533853,67.70446542458343
838,209,11,283.2220345610553,66.67007058576687
839,209,11,285.2639621767721,65.0756757469503
840,209,11,287.11132287005506,63.36381974973337
841,209,11,289.10057131987526,61.936732175845286
842,209,11,292.4173874806238,62.00687030160338
843,209,11,295.524187887678,61.69046848950973
844,209,11,297.98358594552724,60.5411486147798
845,209,11,295.86421147633615,61.65638806892535
846,209,11,293.741769929479,62.753462133161506
847,209,11,290.17633510850544,62.392062464838325
848,209,11,287.25476729541646,62.69438617579307
849,209,11,284.57402508435877,63.2416146467623
850,209,11,281.972857268977,63.86632132338728
851,209,11,279.2108229246663,64.32584964770257
852,209,11,275.72878858035557,64.06537797201786
853,209,11,272.4909984101258,64.06972637656175
854,209,11,269.3362892024967,64.17130107827938
855,209,11,267.0643395906335,65.16780212742252
856,209,11,263.82898183524105,65.1858017657744
857,209,11,261.557153441776,66.18294825654814
858,209,11,259.6016711396133,67.48025830316715
859,209,11,257.48028688398165,68.58367711239877
860,209,11,253.91438656405202,68.21933227444
861,209,11,251.07442294286778,68.61113817705201
862,209,11,248.47511168693916,69.24674451942519
863,209,11,245.71444620037767,69.71442611122472
864,209,11,242.39378071381617,69.62210770302427
865,209,11,239.3184617678113,69.80032202014752
866,209,11,236.886557082363,70.63706238261952
867,209,11,233.41106030552444,70.41429222166008
868,209,11,230.3443865160281,70.63815166498512
869,209,11,227.92222062759078,71.52430203396028
870,209,11,224.3752645086478,71.26673367076053
871,209,11,221.48169409241714,71.71302797182939
872,209,11,218.7512522056653,72.33325946334779
873,209,11,216.02081031891348,72.95349095486618
874,209,11,213.21036843216166,73.49372244638458
875,209,11,209.84199242465326,73.48297943812372
876,209,11,207.13363859190562,74.19348595930504
877,209,11,204.585284759158,75.06399248048635
878,209,11,201.87018521138324,75.74826906613966
879,209,11,199.1550856636085,76.43254565179296
880,209,11,196.99998611583376,77.67682223744626
881,209,11,193.93102817128798,77.88901601711552
882,209,11,190.72611219040172,78.05309124339793
883,209,11,188.23515282413808,79.11443159998862
884,209,11,185.2145048494063,79.53368833250924
885,209,11,187.88488103069415,78.55069668653238
886,209,11,190.87345751152012,77.88332992533232
887,209,11,193.13244547321827,76.47299919871035
888,209,11,195.71950642703325,75.40196436209395
889,209,11,198.70656738084824,74.73092952547755
890,209,11,200.48236652004798,72.83308673413721
891,209,11,203.08157679158504,71.79188264062998
892,209,11,205.5207870631221,70.59067854712275
893,209,11,208.0450689380702,69.48222538055806
894,209,11,209.93203130336286,67.74058590111942
895,209,11,212.16372761150146,66.38446114894026
896,209,11,214.24923854578773,64.90725239594465
897,209,11,217.31433518101434,64.44861398258088
898,209,11,220.28426190394052,63.864242176783215
899,209,11,222.19988066542,62.19898361737355
900,209,11,224.38994757147276,60.87592803367701
901,209,11,227.08265104793205,60.10823799996285
902,209,11,229.29535452439134,58.86054796624869
903,209,11,232.65440544526155,58.83214532583281
904,209,11,235.56853879657226,58.242078569838
905,209,11,238.77646008516584,57.89185175776703
906,209,11,241.87571868032197,57.271951004768816
907,209,11,244.7802671464827,56.26519047439132
908,210,11,254.0,73.0
909,210,11,252.8507144315464,70.68452405257734
910,210,11,251.5158522075348,68.28941099256464
911,210,11,248.5537356982945,64.37786769505972
912,210,11,250.86060815006172,63.59635554315449
913,210,11,255.20103317997305,64.92067218722812
914,210,11,258.22762592066454,64.86231702589713
915,210,11,261.6118279427978,65.18969551234571
916,210,11,264.636029964931,65.15707399879429
917,210,11,268.9772016622878,66.47439451736754
918,210,11,272.3666762031226,66.74171892147791
919,210,11,275.03615074395736,66.28904332558828
920,210,11,277.4577674842326,65.6821271993216
921,210,11,281.0644967970097,66.39660979593297
922,210,11,283.8358707627893,66.23687969368206
923,210,11,286.83265298337994,66.41726208007735
924,210,11,290.0575253956891,66.90703953568985
925,210,11,293.99698866188544,68.14577664415081
926,210,11,298.09197320201,69.27745534644184
927,210,11,295.1770324579137,69.9428666300104
928,210,11,291.90134282009626,70.23401534785343
929,210,11,287.66547106403067,69.56151166529321
930,210,11,283.67100931882493,69.15549480975363
931,210,11,279.7977331354288,68.88921599072707
932,210,11,276.6455329390592,69.3593851193038
933,210,11,274.45276565487103,70.78103835149874
934,210,11,271.177437490543,71.07921426603487
935,210,11,267.6618788896856,71.13294333137397
936,210,11,263.4265592796247,70.47128218170029
937,210,11,259.43318543015306,70.08344701790521
938,210,11,256.52150238374696,70.80111509048001
939,210,11,252.88839529566565,70.77750429726342
940,210,11,249.25601254570876,70.76496699265513
941,210,11,246.46443055291195,71.60407279797263
942,210,11,241.8708447118844,70.6128193897466
943,210,11,239.44182441723288,71.84584217714766
944,210,11,236.88886694012157,72.90456473774572
945,210,11,234.45311170283458,74.0344069246071
946,210,11,231.05496835743946,74.14675372761863
947,210,11,226.93682501204435,73.53910053063017
948,210,11,223.1806352784893,73.34002067758267
949,210,11,218.82580502196237,72.5674440735857
950,210,11,216.39618584623486,73.79292824173962
951,210,11,211.92100794931523,72.89394494889218
952,210,11,208.772975969755,73.41897004511584
953,210,11,204.54286147933746,72.83805254522156
954,210,11,202.3621696593902,74.39988512880352
955,210,11,198.3679684579458,73.99837493739223
956,210,11,196.18037328243628,75.4885454508227
957,210,11,193.02136412787527,75.81062326274856
958,210,11,189.74155183937984,75.9663500453547
959,210,11,186.70156069725962,76.33411107004012
960,210,11,183.0629457860858,75.9970714619054
961,210,11,178.58294601035166,74.91830637394983
962,210,11,175.20804424723488,75.78096323799711
963,210,11,175.63046954783462,78.57901579658086
964,210,11,175.94293671899308,81.25428733670667
965,210,11,176.0281870947217,83.6859706560721
966,210,11,175.7715876202272,85.75246655358613
967,210,11,177.22108647431338,89.49131174351547
968,210,11,178.7798877888279,93.3533203332168
969,210,11,180.08462976002136,96.97942850776728
970,210,11,180.6604994064482,99.88809000827432
971,210,11,182.32558574351336,103.87409855319467
972,210,11,184.21137901583583,108.10562828971281
973,210,11,184.14960338077717,110.42483444215668
974,210,11,185.31662085554984,113.93601750054184
975,210,11,185.75619829351027,116.72929984943784
976,210,11,186.09131039599887,119.39817815181915
977,210,11,187.52640520612388,123.14127390641666
978,210,11,189.18469530595527,127.12924142286451
979,210,11,188.89564005943336,129.20493671640307
980,210,11,188.77435707387417,131.38697008321918
981,210,11,190.25633703474324,135.11597549380514
982,210,11,190.99811174940567,138.13114344794351
983,210,11,191.99077317544067,141.38300803510919
984,210,11,193.58343460147566,145.23487262227485
985,210,11,195.14396602615648,149.09637218263057
986,210,11,197.14792231129434,153.44842120169406
987,210,11,197.99425313843992,156.74140224187985
988,210,11,198.8405839655855,160.03438328206565
989,210,11,199.56691479273107,163.20736432225144
990,210,11,201.14647037593033,167.21691812168854
991,210,11,201.54733870027184,170.17068929559505
992,210,11,201.8909121748564,172.98943553196438
993,210,11,203.41485226999694,176.86148912269172
994,210,11,204.87188942483192,180.90064206167975
995,210,11,203.8796527823613,183.56972559716488
996,210,11,202.56465238255933,185.88159452330174
997,210,11,201.78697269026017,188.676948691418
998,210,11,200.56204536972024,190.99385847411185
999,210,11,201.07777861864818,194.9928140658582
1000,210,11,200.11813095819622,197.55070818388901
1001,210,11,200.05079796647354,200.9500413932443
1002,210,11,201.18346497475088,205.54937460259958
1003,210,11,201.03039669649903,208.9459272817425
1004,210,11,201.83732841824718,213.30247996088545
1005,210,11,201.24086297304842,216.3342470656889
1006,210,11,202.1189425084712,220.80824590569827
1007,210,11,202.04085463272892,224.43333380755632
1008,210,11,200.49300833351688,226.61549331771022
1009,210,11,200.30791459596182,230.01045138936854
1010,210,11,200.12282085840678,233.40540946102686
1011,210,11,199.93772712085172,236.8003675326852
1012,210,11,199.87263338329666,240.31532560434349
1013,210,11,198.4562643594025,242.50843397949143
1014,210,11,198.376959185336,245.6646343818408
1015,210,11,198.7503908763684,249.17517598724555
1016,210,11,197.84605274156462,251.49063514752356
1017,211,11,245.0,80.0
1018,211,11,240.44,80.04
1019,211,11,236.1200011972951,80.31668109754496
1020,211,11,231.72008946013733,80.48818530209473
1021,211,11,227.2403405645487,80.56012182811384
1022,211,11,223.04074493623574,80.89912956627404
1023,211,11,218.08202931302242,80.43043450284539
1024,211,11,213.28241862930474,80.17058838158133
1025,211,11,208.72250230162103,80.18284350261486
1026,211,11,203.88263893177444,79.90738960658825
1027,211,11,199.0826942558393,79.72995015480663
1028,211,11,194.08353977693272,79.41814357379917
1029,211,11,189.4929481661318,79.71219911760724
1030,211,11,193.66146529879913,78.54440423080821
1031,211,11,198.03307383260608,77.5941358609945
1032,211,11,202.4460888617061,76.69197555392604
1033,211,11,206.9801952288228,75.9161666524098
1034,211,11,211.7143015959395,75.34035775089356
1035,211,11,216.6463941344537,74.95286983203755
1036,211,11,221.13411754887335,74.10063791779388
1037,211,11,225.54231096091908,73.171030344271
1038,211,11,230.07198763466081,72.3697630783977
1039,211,11,234.84166430840256,71.8084958125244
1040,211,11,239.12793554114128,70.74821005275417
1041,211,11,243.657862443505,69.94835865452973
1042,211,11,248.4677893458687,69.42850725630528
1043,211,11,252.6326761424449,68.24061869002934
1044,211,11,257.3646046093468,67.65218710080686
1045,211,11,262.13225806607005,67.07956530942887
1046,211,11,266.8539158287688,66.43421858942207
1047,211,11,270.96962343167183,65.15764295373322
1048,211,11,275.2987000088298,64.15299063239262
1049,211,11,279.8350321716636,63.39030425619361
1050,211,11,284.3713643344974,62.6276178799946
1051,211,11,288.7476964973312,61.7049315037956
1052,211,11,292.8957855996516,60.615812125636594
1053,211,11,297.79860045668784,60.538561592435904
1054,211,11,293.62370259537624,60.45865581150969
1055,211,11,289.17241844406806,60.06546850847256
1056,211,11,284.96236914454164,59.901398475082146
1057,211,11,280.55658276344957,59.501403187393045
1058,211,11,275.67300790290153,58.60366233530266
1059,211,11,271.1444300266554,58.10691640967833
1060,211,11,266.4165709424825,57.4040873508216
1061,211,11,262.1652818949056,57.210943663825965
1062,211,11,257.3629712037415,56.383303333955915
1063,211,11,252.79149861086916,55.87179738812838
1064,211,11,248.3400260179968,55.48029144230084
1065,212,11,245.0,80.0
1066,212,11,248.52346290106993,80.19146803597457
1067,212,11,250.7039198421687,79.00205337615154
1068,212,11,253.3699248452099,78.30690647580968
1069,212,11,256.51009154351635,78.07675219759565
1070,212,11,259.3909538666302,77.55882429165631
1071,212,11,262.97742164357027,77.72694661013261
1072,212,11,264.60246506655045,75.88410586259207
1073,212,11,266.6145827752512,74.45965409004992
1074,212,11,268.76041924935754,73.18631759169914
1075,212,11,271.15577051812716,72.17523287754125
1076,212,11,273.9111217868968,71.52414816338336
1077,212,11,277.24942475078905,71.43358878289062
1078,212,11,280.2925492530999,70.98607323834187
1079,212,11,281.60352178083616,68.76010176225445
1080,212,11,285.03096536880156,68.72228755527722
1081,212,11,286.91742051498386,67.05330349265799
1082,212,11,289.0859997150901,65.69944562205824
1083,212,11,291.39067116656554,64.49591352827998
1084,212,11,292.97534261804094,62.57238143450173
1085,212,11,296.49679448009545,62.75833847956586
1086,212,11,299.2595724310847,61.86990500473628
1087,212,11,298.8166828821579,58.790169861607055
1088,212,11,298.8797226307909,56.19093420663225
1089,212,11,298.2227623794239,52.871698551657445
1090,212,11,297.1304523623527,49.07392972676621
1091,212,11,297.44088075753893,46.60091275298706
1092,212,11,297.9822288383178,44.36724491118506
1093,212,11,298.1346177259527,41.771714594096586
1094,212,11,298.5270066135876,39.416184277008114
1095,212,11,299.85703674672965,38.019437819520384
1096,212,11,299.7503025239603,35.299471662210934
1097,212,11,299.53596242028556,32.45959828650192
1098,212,11,300.06966953745984,30.340153048462692
1099,212,11,299.22076401278713,26.90016830011698
1100,212,11,299.58051804969887,24.54292765461581
1101,212,11,298.4554822981909,20.744008579029185
1102,212,11,298.1054451355039,17.45046481623686
1103,212,11,298.98619914885927,15.170656431782014
1104,212,11,300.44645139565006,13.579235711951444
1105,212,11,299.16463752427387,10.039228767737946
1106,213,11,255.0,85.0
1107,213,11,257.82625750585066,83.23178848747513
1108,213,11,261.0193104763272,81.83650698974124
1109,213,11,263.48513132030064,79.70746921362176
1110,213,11,267.1138373096797,78.76249671228088
1111,213,11,269.69516085751144,76.7449808403
1112,213,11,272.9572828774913,75.4271687539581
1113,213,11,275.66658389864216,73.54473159435251
1114,213,11,278.3333496987447,71.63596150446524
1115,213,11,281.8024728230823,70.55168487677021
1116,213,11,284.2823544889658,68.44953420412021
1117,213,11,286.7442484314632,66.37142545138998
1118,213,11,289.61529922926843,64.7597976106565
1119,213,11,293.2877083861654,63.97767323156496
1120,213,11,295.9397144417833,62.10069732433554
1121,213,11,299.61116437358703,61.31630262312054
1122,213,11,302.57444319795155,59.700736761400435
1123,213,11,305.3181930002707,57.88561724767146
1124,213,11,302.1201320895569,57.67999504459267
1125,213,11,298.20314628351497,56.74506863905406
1126,213,11,294.5227973817029,56.08004630820595
1127,213,11,291.1405459326379,55.733095108038185
1128,213,11,287.7582944835729,55.38614390787042
1129,213,11,284.1960430345079,54.859192707702654
1130,213,11,280.3924041822577,54.10604391580529
1131,213,11,277.4254221782753,54.22880175072837
1132,213,11,274.4621540808245,54.31190862112861
1133,213,11,271.32343470139364,54.17209899110585
1134,213,11,268.54785542593436,54.36532564501529
1135,213,11,264.8220540933221,53.524304450694906
1136,213,11,260.969293116675,52.61478914898111
1137,213,11,257.70654331990863,52.39273094855692
1138,213,11,253.9667845441756,51.6622844370934
1139,213,11,250.87602071776146,51.71184347901863
1140,213,11,247.74069831900673,51.54294409718418
1141,213,11,244.51705378986992,52.72847743405749
1142,213,11,241.11476624372793,53.73745200366058
1143,213,11,237.53823257096255,54.58089775742222
1144,213,11,234.81253239241067,56.29108006495039
1145,213,11,231.0554033564157,56.953037374084666
1146,213,11,228.39569409592934,58.73773111577897
1147,213,11,225.84112296924107,60.606069007141016
1148,213,11,222.72760344425913,61.88622220430863
1149,213,11,219.43211260734694,62.98123576171721
1150,213,11,215.96087957084924,63.907319375597474
1151,213,11,212.62143474294456,64.98346760706794
1152,213,11,209.4099135538347,66.19936501461751
1153,213,11,205.78133977543493,67.00251861492157
1154,213,11,202.8399684113746,68.53049517540926
1155,213,11,200.1268851903815,70.27102140776192
1156,213,11,197.2640978897067,71.81872990364158
1157,213,11,194.49825948183585,73.42634669323948
1158,213,11,191.1571106860026,74.3945564318019
1159,213,11,187.64802686579634,75.21784670367752
1160,213,11,184.1825633832189,76.15874997971027
1161,213,11,181.09317829071435,77.57850339147251
1162,213,11,177.76379319820978,78.75825680323476
1163,213,11,174.74461208706956,78.74257739454559
1164,213,11,171.96660224633186,78.95650807968183
1165,213,11,167.9906635139286,77.95272883918082
1166,213,11,165.1525824794919,78.10728296129504
1167,213,11,161.596497664045,77.5247269789662
1168,213,11,158.27971552312098,77.18806292370441
1169,213,11,155.02317411244326,76.90935488267871
1170,213,11,151.34713654120134,76.20640287863483
1171,213,11,148.3897938460971,76.23454024986563
1172,213,11,144.6543681037636,75.46649483818655
1173,213,11,140.91722077248653,74.71295207958438
1174,213,11,137.53831570709463,74.33479793235219
1175,213,11,134.5194106417027,74.31664378512
1176,213,11,130.84245739111657,73.62143909972808
1177,213,11,127.34378152333677,73.12124259726858
1178,213,11,124.56438915066023,73.34746834521843
1179,213,11,121.7289107362082,73.47985888314912
1180,213,11,118.17741266657148,72.86054035811759
1181,213,11,115.28446825520888,72.91246793684078
1182,213,11,112.03575038348094,72.57231589598818
1183,213,11,108.36821198159937,71.80361011209715
1184,213,11,104.81748739194681,71.17839584827406
1185,213,11,101.44471540919622,70.74896698062228
1186,213,11,98.67194342644564,70.91953811297051
1187,213,11,94.82807143334287,69.94520501270428
1188,213,11,91.99602007683269,70.05015369497517
1189,213,11,88.63489826901528,69.53745476478886
1190,213,11,85.57377646119787,69.32475583460256
1191,213,11,82.40257131606553,68.9308010670132
1192,213,11,79.17966588130092,68.43033087899349
1193,213,11,75.42519215884884,67.34603802619692
1194,213,11,72.6424115450207,67.60428472524936
1195,213,11,72.87229944086556,64.75845683788467
1196,213,11,72.53418895787927,61.37531018110273
1197,213,11,72.19607847489297,57.9921635243208
1198,213,11,72.27796799190668,55.02901686753887
1199,213,11,71.8540608800717,51.588547726434946
1200,213,11,71.31407917802281,48.02765832064392
1201,213,11,70.7268983103823,44.405430438737625
1202,213,11,70.93850180365537,41.56132705166897
1203,213,11,71.04423210979553,38.661989513591706
1204,213,11,70.32643213625597,34.98775727764375
1205,213,11,70.47881570171441,32.14992461457808
1206,213,11,70.57045198942765,29.3196175096536
1207,213,11,70.5958766463121,26.49878246219032
1208,213,11,69.82842197262704,22.969917429620992
1209,213,11,68.84944572541265,19.196181370380472
1210,213,11,68.97754747736329,16.429088849601165
1211,213,11,68.9441315322984,13.688612200897037
1212,213,11,68.11064506125467,10.392356703732553
1213,213,11,67.75715859021095,7.576101206568069
1214,214,11,245.0,80.0
1215,214,11,247.92025150500072,80.68711800117664
1216,214,11,250.90050301000144,81.43423600235329
1217,214,11,254.0611317828465,82.35974863624821
1218,214,11,256.50332515090645,82.558560774963
1219,214,11,259.60225994555583,83.4312509398889
1220,214,11,262.1024691344635,83.69854875962888
1221,214,11,265.61957210501646,84.99891313564403
1222,214,11,268.00130661618573,85.1396975701329
1223,214,11,270.61867538093594,85.53895395405782
1224,214,11,273.59348712059824,86.308793740437
1225,214,11,276.62883732298957,87.13641878056555
1226,214,11,279.78532200976855,88.07935339472523
1227,214,11,282.10420142409316,88.17227688590731
1228,214,11,284.7167091101102,88.5915118815047
1229,214,11,288.22580665050907,89.92441808317378
1230,214,11,290.72217813592596,90.20782220531639
1231,214,11,293.0330806766379,90.33352627618595
1232,214,11,296.2954922887645,91.4524774167692
1233,214,11,299.803438687154,92.78993775068096
1234,214,11,302.6614124518825,93.42666517827126
1235,214,11,305.21828177241446,93.76800202097898
1236,214,11,308.00769630490254,94.37964884708232
1237,214,11,311.21428162645054,95.42245553025202
1238,214,11,313.6489975208422,95.65268877009689
1239,214,11,316.1282734902862,96.00353171973364
1240,214,11,319.0110203304226,96.83405604549625
1241,214,11,322.193767170559,97.96458037125886
1242,214,11,324.5567087919483,98.1815017296612
1243,214,11,327.1021201148118,98.83209859675068
1244,214,11,329.70464382063466,99.77350923810097
1245,214,11,329.9550403911068,103.01349122326728
1246,214,11,329.59668552526864,105.65349077218951
1247,214,11,329.79193418341356,108.83345201834334
1248,214,11,330.3401293181195,112.37344082495031
1249,214,11,330.02607968151176,115.07340792605511
1250,214,11,330.0249608076074,118.07340771740863
1251,214,11,330.623841933703,121.67340750876215
1252,214,11,330.4142898147241,124.49326195060827
1253,214,11,330.9337492873134,128.0331916309064
1254,214,11,331.0645825582238,131.2127887093072
1255,214,11,330.8252167309479,134.03220126821802
1256,214,11,330.35665026689543,136.61180812555273
1257,214,11,329.854539051381,139.1317266401375
1258,214,11,330.2840528311586,142.5517115547653
1259,214,11,330.2639780661734,145.55164438798187
1260,214,11,329.64390330118823,147.95157722119845
1261,214,11,329.9127369376378,151.19143865489986
1262,214,11,329.920480192738,154.1914286618833
1263,214,11,329.5082234478382,156.77141866886672
1264,214,11,329.38047920272203,159.59096352368744
1265,214,11,329.1536031955596,162.29007220489115
1266,214,11,329.50533533075554,165.527990804514
1267,214,11,330.1815224037626,169.12702323680054
1268,214,11,330.1472168281003,172.1268270849677
1269,214,11,329.572911252438,174.58663093313484
1270,214,11,330.1758484093088,178.06411095065965
1271,214,11,329.8598126258489,180.8231472224699
1272,214,11,329.54044472124707,183.40145894431868
1273,214,11,331.8605129698171,183.4893553200129
1274,214,11,334.41614183216603,183.83583131892428
1275,214,11,337.9289755457801,185.15374479339982
1276,214,11,341.0866783618244,186.0916060097224
1277,214,11,344.18641596236716,186.9609044530521
1278,214,11,346.6277550255034,187.16338381405464
1279,214,11,349.9645783023652,188.28491212535573
1280,214,11,352.3455823337883,188.42882399717132
1281,214,11,354.6608720594139,188.5366981495895
1282,214,11,357.3893493405728,189.09206194050043
1283,214,11,360.11563395238545,189.65604430261712
1284,214,11,363.3795615897765,190.76917395732238
1285,214,11,365.9885683698522,191.20244031648076
1286,214,11,368.652978056176,191.71370882639482
1287,214,11,371.5533556380401,192.4803964307163
1288,214,11,375.0537332199042,193.84708403503777
1289,214,11,377.4264443229959,194.02549480188787
1290,214,11,380.32658694815865,194.7930706963205
1291,214,11,383.4067295733214,195.74064659075316
1292,214,11,386.3125243680661,196.48653975390368
1293,214,11,389.03831916281075,197.0524329170542
1294,214,11,392.53540877373734,198.4314526769199
1295,214,11,395.4112914658098,198.98837472903782
1296,214,11,397.8609419801371,199.15424457962834
1297,215,11,246.0,70.0
1298,215,11,249.89851995739812,68.61476144226489
1299,215,11,252.89998596601302,66.33872469440078
1300,215,11,256.03159094563944,64.26137118408562
1301,215,11,259.78970891789487,62.878930181879284
1302,215,11,264.7568009807225,62.73071162046938
1303,215,11,268.7926211336446,61.56788932395641
1304,215,11,272.92844128656674,60.50506702744344
1305,215,11,277.75947600019555,60.12576251311334
1306,215,11,281.7416934085649,58.79086756875255
1307,215,11,286.2239108169343,57.95597262439177
1308,215,11,289.15321327164787,55.4725366738426
1309,215,11,292.907705167819,54.076591664326756
1310,215,11,296.30227196380184,52.44143245155325
1311,215,11,301.48972338253174,53.117008938569384
1312,215,11,304.9382579571508,57.52943892860506
1313,215,11,307.6730408398574,61.251694371157406
1314,215,11,310.20321610192997,64.77722326398701
1315,215,11,312.7317023879207,68.30394974253107
1316,215,11,315.15832604654327,71.73199548601426
1317,215,11,317.28494970516584,74.86004122949744
1318,215,11,320.6184269851751,79.18322517542826
1319,215,11,323.8278833342161,83.42335890859417
1320,215,11,326.3102344006773,86.98231878059777
1321,215,11,328.88828904892296,90.6442338705382
1322,215,11,332.05528016518576,94.91372274579531
1323,215,11,333.5547279037821,97.62834080434224
1324,215,11,336.3578645980909,101.47289215806987
1325,215,11,335.6086907543797,104.77018312613238
1326,215,11,334.8112674082801,107.96529488856429
1327,215,11,335.47319787799614,112.55711936354345
1328,215,11,334.7100383117519,115.75043626176834
1329,215,11,334.5133451007954,119.43947015894798
1330,215,11,335.7514053933212,124.52584272223203
1331,215,11,336.72116571955587,129.41717059850106
1332,215,11,336.6308755120771,133.31193183162515
1333,215,11,337.46917616238255,138.10516600110148
1334,215,11,337.24329086199896,141.9015554100312
1335,215,11,337.9658937143682,146.59565221031096
1336,215,11,338.11870028220295,150.79287154611254
1337,215,11,337.67150685003776,154.3900908819141
1338,215,11,337.9416737658488,158.58139256964802
1339,215,11,338.9118406816599,163.47269425738193
1340,215,11,337.94396078997227,166.67257143399578
1341,215,11,337.47235013728545,169.83920133088438
1342,215,11,337.9644624692466,173.16646692778585
1343,215,11,333.07207105688843,172.71916090394217
1344,215,11,328.88124640064854,172.99662928169317
1345,215,11,324.19042174440864,172.77409765944418
1346,215,11,320.6009079146618,173.67070155415863
1347,215,11,317.1097770845032,174.64350618112556
1348,215,11,313.6168863289119,175.58777470483898
1349,215,11,308.82238996883115,175.20271722103655
1350,215,11,303.62931591328044,174.44381878608255
1351,215,11,298.8391517524234,174.13108922498805
1352,215,11,294.85110790250803,174.64777315446054
1353,215,11,290.7622966746191,175.05413976019872
1354,215,11,286.573093757147,175.35510307398138
1355,215,11,282.68389083967486,175.95606638776405
1356,215,11,278.4934368422392,176.23907751011663
1357,215,11,273.4029828448035,175.62208863246923
1358,215,11,269.01711004024145,175.76628169461304
1359,215,11,265.632475598266,176.92521704677696
1360,215,11,261.94293409291976,177.72142976591823
1361,215,11,257.7506701196029,177.97622925184635
1362,215,11,253.458406146286,178.13102873777447
1363,215,11,249.5667458045971,178.6955728360127
1364,215,11,245.27318532492072,178.82806047718188
1365,215,11,241.08029774614897,179.0723835251769
1366,215,11,237.6874101673772,180.1167065731719
1367,215,11,233.08926795659997,179.8416144515878
1368,215,11,228.7937374253823,179.93532444518712
1369,215,11,224.7992320225445,180.350090423788
1370,215,11,220.4023715128529,180.31245378847123
1371,215,11,215.70881044728063,180.04493086113922
1372,215,11,210.74067804738553,179.76133409209814
1373,215,11,209.85784734772494,183.35180027085792
1374,215,11,208.91514187759256,186.8447817941618
1375,215,11,208.0214829216714,190.34031468150658
1376,215,11,207.57925356495463,194.23790575378695
1377,215,11,208.46035188866193,199.43622236778532
1378,215,11,207.6562281636488,203.03125913817087
1379,215,11,208.40821828666864,208.12865036086103
1380,215,11,207.3670550767947,211.5217208713823
1381,215,11,207.41793169521625,215.91907268140093
1382,215,11,207.24334238512282,220.115442371121
1383,215,11,207.3687530750294,224.61181206084103
1384,215,11,207.84264688773217,229.5057214532893
1385,215,11,207.16654073139293,233.38884757607877
1386,215,11,207.27231466029946,237.97852906983087
1387,215,11,207.63026875543963,242.9552018386741
1388,215,11,207.28335198010504,247.64706554859774
1389,215,11,204.55713541499907,250.6259847419601
1390,215,11,203.59516394534285,255.33956360233927
1391,215,11,200.93376436506358,258.39888481950845
1392,215,11,199.13749333429777,262.2941387988345
1393,215,11,196.81734294919977,265.6763925138287
1394,215,11,194.5370008885184,269.08020748257326
1395,215,11,192.50140758580307,272.70760316407575
1396,215,11,190.08283842193907,275.94379003888145
1397,215,11,188.06325223057715,279.5291706131705
1398,215,11,185.49084927290684,282.536871724818
1399,215,11,184.85034215824493,287.3441518311933
1400,215,11,183.26627158306317,291.3978537463344
1401,215,11,181.51081176498147,295.36051465559854
1402,215,11,179.02580431948485,298.71764344766365
1403,215,11,180.87239839904643,302.9225181899653
1404,215,11,181.99925540427728,306.4351525564219
1405,215,11,183.35602216161652,310.13598288639565
1406,215,11,185.6296909543462,314.7300253272004
1407,215,11,186.63009057709024,318.1528815534811
1408,215,11,189.0965140756413,322.9498441428816
1409,215,11,189.49545189492454,325.9100174948675
1410,215,11,191.3649575403788,329.96394418070315
1411,215,11,193.24192792924123,334.1566507446058
1412,216,11,245.0,80.0
1413,216,11,241.04,80.24
1414,216,11,237.08003851585568,80.46201301291586
1415,216,11,233.00020377271102,80.54475539255449
1416,216,11,228.52047422723984,80.21709256745486
1417,216,11,224.0405264805565,79.91614202737703
1418,216,11,220.0005361694722,80.08516349056603
1419,216,11,216.000548602442,80.27494405850332
1420,216,11,211.4007137771676,79.83769569729807
1421,216,11,207.00079314339067,79.66351565033503
1422,216,11,202.80128427306607,79.72774374438299
1423,216,11,198.2817754027415,79.47197183843095
1424,216,11,194.3650905800714,79.91881457627319
1425,216,11,190.24524838733035,80.0352227631549
1426,216,11,186.28534308064835,80.24701966218306
1427,216,11,182.18759483582548,79.56657572788612
1428,216,11,178.1300526535783,78.9249493078284
1429,216,11,173.87293892055953,78.08087061040153
1430,216,11,169.73515726621707,77.36061858438082
1431,216,11,165.3173756118746,76.3603665583601
1432,216,11,161.21790864790464,75.6898644442174
1433,216,11,157.35869262627344,75.25790185652637
1434,216,11,152.86132468737685,74.17527710038348
1435,216,11,148.40146583870956,73.14706194020184
1436,216,11,144.25930009875776,72.45246638682583
1437,216,11,140.39713435880597,72.03787083344983
1438,216,11,135.93722539172603,71.0099487019332
1439,216,11,132.03457905190544,70.55822527225125
1440,216,11,127.8141207322209,69.77352327640119
1441,216,11,123.8328784602284,69.2334429633925
1442,216,11,119.89332838944107,68.72342520907604
1443,216,11,115.99608914135776,68.24006402396924
1444,216,11,111.94190579156978,67.57943724188812
1445,216,11,107.68885042694296,66.71254143059348
1446,216,11,103.15392068112848,65.57609319943356
1447,216,11,98.69209257001098,64.55948721470696
1448,216,11,94.38413951289101,63.74033212223697
1449,216,11,90.51269544224287,63.38353378031039
1450,216,11,86.72869199736802,63.059987550077686
1451,216,11,82.23724081152325,61.94426862151903
1452,216,11,78.04926869845944,61.245233456110526
1453,216,11,74.17864253864381,60.88312561356836
1454,216,11,69.70941098191497,59.65466950461188
1455,216,11,70.01398979774703,55.734741424059514
1456,216,11,70.29270506001902,51.81474162055369
1457,216,11,70.66330559261093,48.01484451808604
1458,216,11,70.43003265054877,43.655483724350695
1459,216,11,69.97637156737122,39.05582653737076
1460,216,11,70.25978704013704,35.13582792611554
1461,216,11,70.33638097843742,31.056052228080258
1462,216,11,70.54929243574198,27.136588080425344
1463,216,11,70.57473566401795,23.098744053405852
1464,216,11,70.11062873648379,18.622781155663077
1465,216,11,70.45674792371156,14.82312678202529
1466,216,11,69.86078137617548,10.441833860782822
1467,217,11,245.0,80.0
1468,217,11,247.87493493866745,80.49292586792176
1469,217,11,251.22831169042075,81.47244273834596
1470,217,11,253.62330796019864,81.48510790011488
1471,217,11,256.2532345411577,81.75900223027278
1472,217,11,259.4396203936599,82.60735562251787
1473,217,11,263.26662323263196,84.09321028145756
1474,217,11,265.6594149871148,84.11518568079602
1475,217,11,267.9661336692024,84.08219221946955
1476,217,11,270.8257174831266,84.63754131292423
1477,217,11,274.72304063878124,86.2416490603346
1478,217,11,278.3082997977262,87.49454333239812
1479,217,11,282.2185761235275,89.04699344845884
1480,217,11,285.4976755198131,89.92198922193653
1481,217,11,288.5386476719503,90.54876558372585
1482,217,11,292.4586135652535,92.05997077537224
1483,217,11,295.66935655527857,92.8021250854909
1484,217,11,299.60125969547977,94.25877013450739
1485,217,11,303.5456710521837,95.652636466127
1486,217,11,306.2233175757589,95.69154727942076
1487,217,11,309.5320405671873,96.42211149425583
1488,217,11,312.2842427214712,96.5731301677399
1489,217,11,315.7460039455724,97.50086070896185
1490,217,11,318.2579251847719,97.41348400007708
1491,217,11,321.2230053280383,97.94186913803559
1492,217,11,325.05849684788063,99.39242549437694
1493,217,11,328.2345796326706,99.78293560200665
1494,217,11,328.5408590017414,103.22224912919269
1495,217,11,328.11794675557394,105.94173986810137
1496,217,11,328.75410406713854,109.70083349972505
1497,217,11,328.4870438477963,112.58039556032395
1498,217,11,328.47388215115853,115.69969745936437
1499,217,11,328.14433485047084,118.4989218055395
1500,217,11,328.473593823849,121.93767669387832
1501,217,11,327.91102626366927,124.49673971564945
1502,217,11,328.6614456873166,128.33483407805988
1503,217,11,328.0970155573504,130.89394164029395
1504,217,11,327.6494944077246,133.53196423374425
1505,217,11,328.43548378138354,137.3686323589613
1506,217,11,327.7405354237097,139.76690754293853
1507,217,11,327.66018144245203,142.72292274138482
1508,217,11,327.357014349684,145.43803308735409
1509,217,11,327.6503188020494,148.71091598696083
1510,217,11,327.5370825720305,151.58422911652127
1511,217,11,327.5323012983987,154.53557243098396
1512,217,11,327.79066348253326,157.72512553162505
1513,217,11,327.96902566666785,160.83467863226616
1514,217,11,328.95702480468094,164.74343645656455
1515,217,11,329.1215692716041,167.93920320625153
1516,217,11,328.6461137385272,170.49496995593853
1517,217,11,329.26350615743945,174.0011208860066
1518,217,11,329.6373019785161,177.35397092114607
1519,217,11,329.46892709469273,180.23037668765076
1520,217,11,330.1430422165473,183.730722970758
1521,217,11,333.2596367011719,184.45655960417315
1522,217,11,336.69623118579653,185.5023962375883
1523,217,11,339.89547660127533,186.29675471763483
1524,217,11,342.8554172241125,186.84807075848477
1525,217,11,346.6938903729694,188.28579300271187
1526,217,11,350.37931421223425,189.5326159966158
1527,217,11,353.1104071065284,189.79311375384196
1528,217,11,355.75718453043186,189.99374797379232
1529,217,11,358.47835396862837,190.2996525977097
1530,217,11,361.0344470495136,190.467638800367
1531,217,11,364.14278677015807,191.228049334923
1532,217,11,367.41112649080253,192.148459869479
1533,217,11,370.7621102131084,193.1379799022653
1534,217,11,373.8774599835462,193.8691404918986
1535,217,11,376.91280975398405,194.52030108153193
1536,217,11,380.6663130653379,195.89928493128022
1537,217,11,383.15667442690483,195.92324106387392
1538,217,11,386.5068681750892,196.91603243520785
1539,217,11,390.42642427757386,198.42903294253637
1540,217,11,394.064192285524,199.42720396446515
1541,217,11,397.1693964288295,199.65457111539308
1542,218,11,247.0,70.0
1543,218,11,245.06561121377922,66.67722943617048
1544,218,11,243.44667590684017,63.56715018918288
1545,218,11,241.66598525615623,60.19171284260944
1546,218,11,240.38984098727946,57.137038657161824
1547,218,11,240.5857626639948,55.37129972214565
1548,218,11,239.16610714892187,52.2023515724769
1549,218,11,239.0417854035775,49.805573713843664
1550,218,11,236.61821856356443,50.56158368126132
1551,218,11,234.44036452068795,51.570023946188584
1552,218,11,233.46251047781146,53.778464211115846
1553,218,11,231.01455394012808,54.47917029045267
1554,218,11,229.65267968948953,56.27402618763031
1555,218,11,226.34901912047204,56.09698447780588
1556,218,11,223.31526885761969,56.23035993683249
1557,218,11,221.86841408077933,57.98222251299469
1558,218,11,219.07699899713748,58.36084395726568
1559,218,11,217.74729542630934,60.22670282413555
1560,218,11,215.42557038482568,61.061902720337294
1561,218,11,213.1085624418303,61.90790277127682
1562,218,11,211.7567324737337,63.72559464040212
1563,218,11,208.92754519759242,64.01482132010189
1564,218,11,207.56716284891124,65.8131101698817
1565,218,11,205.6833841933102,67.0248480078748
1566,218,11,204.62122187213976,69.0264848537575
1567,218,11,201.2225017394341,68.56578845150705
1568,218,11,199.0822084771377,69.49268024624621
1569,218,11,197.77311098718513,71.23447087108832
1570,218,11,196.63670576906455,72.9832974891918
1571,218,11,194.00759485012293,72.97165908183374
1572,218,11,191.74714363338242,73.39735828811105
1573,218,11,189.36023038879765,73.64764844538009
1574,218,11,187.33331714421286,74.2579386026491
1575,218,11,186.6376184146805,75.54697058502438
1576,218,11,186.92246183051805,77.79257871162798
1577,218,11,188.5296088985073,81.35779144308107
1578,218,11,189.99283454080043,84.80699766185752
1579,218,11,190.47333678170747,87.2997678012307
1580,218,11,191.91120710777915,90.75293632236807
1581,218,11,192.24434583404792,93.12970273686068
1582,218,11,191.8574845603167,94.78646915135329
1583,218,11,192.20814819517656,97.16071324478321
1584,218,11,192.55881183003643,99.53495733821313
1585,218,11,192.5494754648963,101.54920143164306
1586,218,11,192.9095797338856,103.92203200196528
1587,218,11,193.26968400287492,106.2948625722875
1588,218,11,193.02978827186425,108.06769314260971
1589,218,11,192.20698874938705,109.23786608983457
1590,218,11,191.65848841914473,110.64232544067765
1591,218,11,191.0173264285187,111.92186378567837
1592,218,11,191.4868591298824,114.27548632175974
1593,218,11,191.83639183124612,116.50910885784111
1594,218,11,193.14951743207803,119.70201178100591
1595,218,11,194.55606757522625,123.02010273973805
1596,218,11,194.24967202746467,124.66419481854729
1597,218,11,194.9292363822437,127.26359795875197
1598,218,11,196.3198379914265,130.58465328511966
1599,218,11,196.95162919600233,133.19245810224817
1600,218,11,197.45287174304676,135.681984240598
1601,218,11,197.58848221474028,137.81240968206504
1602,218,11,197.49599609095327,139.70091828364164
1603,218,11,197.54827357518286,141.70524213540082
1604,218,11,197.61983215919358,143.70612273140026
1605,218,11,197.95152962297888,145.94323312364114
1606,218,11,197.21032243183578,147.09897274391778
1607,218,11,198.22176572638148,149.91939322423374
1608,218,11,197.6425841222639,151.18655766976067
1609,218,11,199.41651394061088,154.7169234272357
1610,218,11,201.10005524986732,158.26770793506338
1611,218,11,201.34722530335947,160.51945542411414
1612,218,11,202.32862956559867,163.48895553779758
1613,218,11,202.62327333855407,165.87080042087848
1614,218,11,203.87791711150948,169.21264530395936
1615,218,11,202.71553745181845,170.41235043376074
1616,218,11,202.9348410961215,172.52799050862998
1617,218,11,202.41092538423993,173.78267898131918
1618,218,11,204.67374552275683,177.1345185090635
1619,218,11,208.13419565801163,178.52022613665136
1620,218,11,211.1167992496881,179.40867045524735
1621,218,11,214.46058324254673,180.64719132590352
1622,218,11,216.96622893316626,181.0292879470729
1623,218,11,220.19210609882535,182.12926900481864
1624,218,11,221.61959619792043,181.4139954372344
1625,218,11,224.24519722036072,181.91649831670776
1626,218,11,225.671289796051,181.2144948675289
1627,218,11,227.21533495854965,180.65077129281136
1628,218,11,229.35746650562032,180.70308840221588
1629,218,11,230.77902511281758,180.04003722017052
1630,218,11,233.63817744377107,180.835686053716
1631,218,11,237.09857298461924,182.22181849092271
1632,218,11,238.5217329548556,181.54562926637539
1633,218,11,240.9023807027002,181.84979418986643
1634,218,11,243.28302845054483,182.15395911335747
1635,218,11,244.94367619838945,181.73812403684852
1636,218,11,247.20220695353106,181.93842303285928
1637,218,11,250.06036830972954,182.74145331609003
1638,218,11,251.96003480286794,182.57320222376157
1639,218,11,254.21815278939494,182.7765516356317
1640,218,11,255.51586649847405,182.0228605654163
1641,218,11,257.88972527820215,182.37612320695638
1642,218,11,260.9835840579302,183.44938584849646
1643,218,11,263.00019359649787,183.42364188986178
1644,218,11,266.2153943835663,184.60776573546028
1645,218,11,267.9939482955136,184.32789272270207
1646,218,11,270.1300371683789,184.42583009596135
1647,218,11,272.3850801281172,184.65104153754135
1648,218,11,273.7995752298616,184.04000143751807
1649,218,11,276.7693855904677,185.01947324775438
1650,218,11,278.30226605104855,184.5392486218335
1651,218,11,281.27063864199295,185.527592889801
1652,218,11,283.88238771182233,186.13475273205432
1653,218,11,286.49551601633544,186.73288964765877
1654,218,11,287.670067352015,185.88146668967735
1655,218,11,290.8769061945867,187.11905176647727
1656,218,11,292.76947875232395,187.00085206812477
1657,218,11,295.2586288660419,187.50442440637462
1658,218,11,298.46869515428443,188.7222944757585
1659,218,11,302.04531211551387,190.25649773665896
1660,218,11,303.9508576946683,190.03950399091312
1661,218,11,305.6127397890601,189.613846798564
1662,218,11,308.1081223170176,190.07671389508116
1663,218,11,311.2047264628398,191.13100827741619
1664,218,11,314.1888202144386,192.00686509460152
1665,218,11,317.2988618795372,192.94527031224217
1666,218,11,320.17505391458866,193.56041368483574
1667,218,11,322.694128505306,193.7470553247785
1668,218,11,325.45369496648755,194.15267109368457
1669,218,11,328.6934435313493,194.95793170042776
1670,218,11,330.95307921887166,194.52594773502253
1671,218,11,333.9401523427433,194.8771870040184
1672,218,11,336.45938175607273,194.9363739937729
1673,218,11,339.6985031062934,195.71143751007307
1674,218,11,343.1766142145987,196.6962371307534
1675,218,11,346.4127221500368,197.39961077264277
1676,218,11,349.5266215945186,197.94859776228984
1677,218,11,352.3980728188867,198.22620941907715
1678,218,11,355.7475408613221,198.96161539827492
1679,218,11,359.2120711990295,199.76955829295855
1680,218,11,361.34929607507877,199.19970697995166
1681,218,11,363.1283790207638,198.28353560624666
1682,218,11,364.91191258973805,197.40287972162446
1683,218,11,366.6994801707507,196.55891036679193
1684,218,11,370.1706189434333,197.43286335814116
1685,218,11,373.0343092119102,197.63354149367584
1686,218,11,375.05350990918214,196.9582574279497
1687,218,11,377.9163742687477,197.15197532247967
1688,218,11,379.45383812472426,195.98385093520386
1689,218,11,381.36083346670347,195.2543449485633
1690,218,11,382.55228563983536,193.85196781639993
1691,218,11,385.7909417453739,194.6116628516551
1692,218,11,389.1446472893692,195.39795686832036
1693,218,11,390.6854709744031,194.25517215803657
1694,218,11,393.07918953937894,194.08164569985274
1695,218,11,395.4729081043548,193.9081192416689
1696,218,11,398.3466266693307,194.21459278348507
1697,218,11,399.76785231327335,192.9549856530125
1698,218,11,401.5678164337133,192.3681089376991
1699,218,11,403.5963185176675,192.24275291257698
1700,218,11,405.00160317894245,191.6894819023694
1701,218,11,407.32072551661105,192.77065875600613
1702,219,11,250.0,74.0
1703,219,11,247.44804764936893,71.88337304114077
1704,219,11,244.6574547109139,69.52511582270014
1705,219,11,242.34110812892175,67.65377279063497
1706,219,11,239.61985001238668,65.34437647859816
1707,219,11,243.41694450196292,65.37038052877914
1708,219,11,247.15029797620377,65.30554369206753
1709,219,11,250.87991513209255,65.21202387691044
1710,219,11,253.64517277209055,64.12721358779197
1711,219,11,256.5380582907694,63.21867738408653
1712,219,11,260.45670257375156,63.37820030321013
1713,219,11,264.12810544708395,63.23815182214705
1714,219,11,267.3743938274726,62.6405510055017
1715,219,11,270.3830504183167,61.81995055721439
1716,219,11,273.75906924114236,61.41684150506241
1717,219,11,276.955088063968,60.833732452910425
1718,219,11,280.5155814761089,60.65005087450412
1719,219,11,283.83040847228534,60.177082660377955
1720,219,11,287.5078599171163,60.08615845057615
1721,219,11,290.6212522505469,59.28512381876718
1722,219,11,286.69129204216193,59.371684093304545
1723,219,11,283.186616681279,59.90339593438766
1724,219,11,279.3236361752251,60.082979533690555
1725,219,11,276.0060935324781,60.827231381894634
1726,219,11,272.14855088973104,61.031483230098715
1727,219,11,269.4371793990406,62.40272823049916
1728,219,11,266.2986698640139,63.32265692026393
1729,219,11,263.3379969514549,64.41281540155208
1730,219,11,259.8929048460254,65.00257767894512
1731,219,11,256.68934293824015,65.83947114740401
1732,219,11,253.8441687868211,67.0288489471233
1733,219,11,250.75241560593614,67.94665477600279
1734,219,11,248.01732853840218,69.20786143958664
1735,219,11,245.21387781894705,70.3653865699052
1736,219,11,241.86305731152902,70.9415826537749
1737,219,11,238.032236804111,71.0377787376446
1738,219,11,234.0889846662425,71.05637807698939
1739,219,11,230.7570888499686,71.73348240388172
1740,219,11,227.18519303369467,72.17058673077406
1741,219,11,223.73924423579618,72.75632364617347
1742,219,11,221.01674898462997,74.0781444729567
1743,219,11,217.5560047053118,74.5901473686803
1744,219,11,214.69917831140694,75.72251966801544
1745,219,11,211.2852812893668,76.22052931448242
1746,219,11,207.57374524577423,76.43254867473158
1747,219,11,204.0624831411956,76.93276392786719
1748,219,11,200.20763172924418,77.14891213865903
1749,219,11,197.06400188183585,78.34766399959906
1750,219,11,197.0312476691252,81.43714473994501
1751,219,11,196.76803161529665,84.28585993115566
1752,219,11,197.00242877906715,87.61309040898911
1753,219,11,197.29884115916326,91.00014513262818
1754,219,11,197.71525353925938,94.50719985626725
1755,219,11,197.40730909700412,97.29463303659574
1756,219,11,197.9619077912028,100.92004699379632
1757,219,11,198.68714474011767,104.72631786379729
1758,219,11,199.27508788732982,108.41410309075215
1759,219,11,199.84994441809613,112.10297515790002
1760,219,11,199.57092059808338,114.95294439573674
1761,219,11,199.67809863308705,118.16079456600865
1762,219,11,200.21438178158812,121.78786059664849
1763,219,11,200.55779149553788,125.23602808572556
1764,219,11,200.6577599719453,128.44448166401435
1765,219,11,200.88871651040515,131.77200941928476
1766,219,11,200.76357764354145,134.73919953974826
1767,219,11,200.48752810100066,137.52373142778123
1768,219,11,200.2552661277677,140.3037859752212
1769,219,11,201.269057959575,144.27851208557883
1770,219,11,201.75230846148787,147.7790518461585
1771,219,11,201.5040879624557,150.5608045252731
1772,219,11,201.8589134106876,153.87540373814258
1773,219,11,202.58069920944448,157.54914005563495
1774,219,11,202.66174692604716,160.62772002918476
1775,219,11,202.7310047739141,163.6405137821505
1776,219,11,202.92788072895956,166.70401111161243
1777,219,11,204.03288195268607,170.59673740780596
1778,219,11,204.78161652118348,174.33444157413774
1779,219,11,204.70058822410934,177.49072306978394
1780,219,11,205.43810411343964,181.4879409580245
1781,219,11,205.49041815000382,184.82608538656055
1782,219,11,205.72538712265268,188.3441410269714
1783,219,11,205.83478610942728,191.7423805508562
1784,219,11,205.4041850962019,194.600620074741
1785,219,11,205.06112134641924,197.51786137664706
1786,219,11,204.98345778500502,200.6739837067034
1787,219,11,205.1590664558416,204.0694456185391
1788,219,11,205.5146751266782,207.6449075303748
1789,219,11,205.37902545993668,210.7409329967042
1790,219,11,205.0234094616662,213.5959296888832
1791,219,11,205.60582850354828,217.34864685508026
1792,219,11,205.4409426534196,220.38304377773383
1793,219,11,205.42575978407734,223.53560287932112
1794,219,11,205.4919066447279,226.74668113306163
1795,219,11,206.11550280120701,230.4964476539727
1796,219,11,206.45980230651293,234.0090410177461
1797,219,11,206.18894815109115,236.9226022763203
1798,219,11,205.92692304823606,239.7712199821935
1799,219,11,206.47136906614358,243.331631066667
1800,219,11,206.68151099304583,246.59556462217623
1801,219,11,206.50087855171913,249.4365193627448
1802,219,11,207.50741506886007,253.2755012466074
1803,219,11,208.27890305628344,257.1429833134511
1804,219,11,212.21775133865955,257.5944940294162
1805,219,11,215.91614194479314,257.78989341687964
1806,219,11,218.9542341308304,257.31600972536705
1807,219,11,221.75269158453472,256.61360398645724
1808,219,11,225.45168241926464,256.83077098927686
1809,219,11,228.79041263788002,256.67785758297515
1810,219,11,232.78919932500474,257.1870332722219
1811,219,11,236.30733544811076,257.1944682295043
1812,219,11,240.0653181564803,257.43736351729467
1813,219,11,243.5827814437448,257.42605010712765
1814,219,11,247.46004981380406,257.7697870461206
1815,219,11,250.9164219903224,257.6727646318855
1816,219,11,254.0726671125477,257.2730177390808
1817,219,11,257.469427865247,257.12463853258083
1818,219,11,261.3461886179463,257.4562593260809
1819,219,11,264.50176041074445,257.04278829116816
1820,219,11,267.89798318896817,256.8825670669985
1821,219,11,271.5942059671919,257.0223458428288
1822,219,11,275.5295035185354,257.3835875203918
1823,219,11,279.5227165877309,257.76886661539817
1824,219,11,282.9728951786791,257.57062424575963
1825,219,11,286.84271031868707,257.78765406385173
1826,219,11,289.6890699991187,256.9434039779897
1827,219,11,293.4995792470131,257.1095397624283
1828,219,11,297.2466109225231,257.1728641330073
1829,219,11,301.04976346549273,257.2548125526267
1830,219,11,304.54694217823305,256.9815391843273
1831,219,11,307.9819471342277,256.630027887992
1832,219,11,311.05563713844293,255.9078718084926
1833,219,11,314.61658129730097,255.7284047102992
1834,219,11,318.412296023728,255.74275697422323
1835,219,11,321.4671518491663,254.89054108299706
1836,219,11,324.3036384739099,253.95136934936912
1837,219,11,327.7034562056218,253.98657433676223
1838,220,11,242.0,90.0
1839,220,11,238.4,90.0
1840,220,11,235.0,90.2
1841,220,11,230.40003259349126,89.18468098975954
1842,220,11,226.80069798130467,89.25389334064775
1843,220,11,222.30136336911806,88.42310569153595
1844,220,11,219.10516147614308,88.98842944954801
1845,220,11,215.50706367369807,89.10544314122716
1846,220,11,212.60896587125305,89.9224568329063
1847,220,11,209.90898374310726,90.83380042276528
1848,220,11,206.01158798193188,90.39689265279782
1849,220,11,202.21246167018114,90.11758444349067
1850,220,11,197.7125848703588,89.18780146008041
1851,220,11,194.5251063833478,89.88779830211939
1852,220,11,191.12563849145153,90.14969252808453
1853,220,11,193.84991211921206,88.61518902457244
1854,220,11,198.28009149237533,88.80961578720256
1855,220,11,201.50338457804756,87.77042309753749
1856,220,11,205.22909601081008,87.2428525560176
1857,220,11,207.85314469106365,85.60727054209733
1858,220,11,210.5847483129154,84.10886102174155
1859,220,11,213.6228819502228,82.94432331434342
1860,220,11,216.66503596823182,81.80155981763376
1861,220,11,219.8111926915421,80.78125949220954
1862,220,11,223.96054805129418,80.77953153856346
1863,220,11,226.90484824422967,79.54870973935428
1864,220,11,230.95442210729885,79.448272073467
1865,220,11,234.19941559732055,78.52135807960205
1866,220,11,236.8473203285026,77.0111351543887
1867,220,11,239.60377788297984,75.6529150694743
1868,220,11,244.06741162496402,76.04250880678559
1869,220,11,247.12243294141751,74.97521396319775
1870,220,11,250.28265980023272,74.04156172271631
1871,220,11,253.14701194776808,72.8361967374235
1872,220,11,255.71835224826916,71.38284427187722
1873,220,11,258.39868238125325,70.10703030347538
1874,220,11,261.5858969955324,69.40389450700407
1875,220,11,266.0758272603523,70.03482073695193
1876,220,11,269.55845689214334,69.58159995413658
1877,220,11,273.5420981056373,69.63879439270664
1878,220,11,276.62099442626294,68.74956293687035
1879,220,11,280.2063391351835,68.42505820930037
1880,220,11,284.1916838441041,68.5005534817304
1881,220,11,286.8702418704102,67.2082239616075
1882,220,11,289.463774633548,65.99253372016031
1883,220,11,292.86377430725423,65.79406646762591
1884,220,11,296.16339237126374,65.54650493877308
1885,220,11,299.9602441811097,65.89702755503953
1886,220,11,304.3598591199805,66.74968011298438
1887,220,11,306.8211729107095,69.17943734746785
1888,220,11,308.68243263174145,71.00924932495141
1889,220,11,311.7432894974942,74.0394691006087
1890,220,11,315.2044621182775,77.46936925803584
1891,220,11,318.0663114880225,80.2985841177773
1892,220,11,320.4284338093228,82.6275224742215
1893,220,11,323.49034305121023,85.65667668785336
1894,220,11,325.35290691517235,87.48516762972274
1895,220,11,327.0143510445728,89.11479289287145
1896,220,11,329.77420229760145,91.84603005330655
1897,220,11,331.63451316714435,93.67680231712255
1898,220,11,333.99245702859014,96.00996697850793
1899,220,11,334.3235164886228,100.19990722675192
1900,220,11,333.4242311667573,103.18744514238652
1901,220,11,333.85678728575573,107.47749719918386
1902,220,11,333.6502042482282,111.16441883773416
1903,220,11,332.43766084463437,113.85082604005656
1904,220,11,331.4812614782274,116.7416837878525
1905,220,11,331.7701354868155,120.83548759659753
1906,220,11,331.02467150354585,123.92710943539367
1907,220,11,331.5159161469803,128.22105172779422
1908,220,11,330.2517168064364,130.8113440151235
1909,220,11,329.77255379767524,134.10688300341047
1910,220,11,330.02036914723476,138.10366487505217
1911,220,11,329.72871434828033,141.59855964931717
1912,220,11,329.4480379330529,145.09402290639275
1913,220,11,329.47955194031977,148.89007803253483
1914,220,11,330.0833701795885,153.28472860202783
1915,220,11,329.3545700189305,156.4696819426379
1916,220,11,328.2054821507885,159.16105427559705
1917,220,11,327.1615553702904,161.76078627089268
1918,220,11,328.37316688328605,166.35456152368295
1919,220,11,329.23399264949836,170.95187031396625
1920,220,11,329.2791579985455,175.34890587562847
1921,220,11,329.2169562040494,178.8487074390012
1922,220,11,328.46022094943635,181.6484474520864
1923,220,11,328.5490962840445,185.24735022583542
1924,220,11,329.13797161865267,189.34625299958444
1925,220,11,328.29474569922826,192.04580529171395
1926,220,11,327.5128422544079,194.74386771524897
1927,220,11,327.99439071588137,198.63928704491508
1928,220,11,328.85340819531956,202.9357733080938
1929,220,11,329.9538879245501,207.53437078822597
1930,220,11,330.0584402479978,211.23436790994026
1931,220,11,330.85201935681584,215.63436218384632
1932,220,11,331.24393481594933,219.73273928082014
1933,220,11,330.159641515641,222.42801896110393
1934,220,11,329.13300076722635,225.027920386216
1935,220,11,329.7973445444581,229.12416719683472
1936,220,11,329.04638327456644,231.92383318174907
1937,220,11,328.82978166710706,235.01266103372322
1938,220,11,328.5946046863425,237.88252651589323
1939,220,11,329.0006519513579,240.99112848912435
1940,220,11,325.9132969361229,241.79259821342222
1941,220,11,321.4247047754881,241.17896564283853
1942,220,11,318.4384613707452,242.09338294824312
1943,220,11,314.2505783926984,241.78850281514852
1944,220,11,311.26438721712225,242.7035152787427
1945,220,11,308.2764524500349,243.59800484923016
1946,220,11,303.686856106436,242.87149724404404
1947,220,11,299.2002100008666,242.28128703310122
1948,220,11,295.2166967796642,242.22542798310178
1949,220,11,292.0347564030778,242.98557120264084
1950,220,11,287.4511846564296,242.32910218614143
1951,220,11,283.7720414208308,242.6160565750138
1952,220,11,279.1933951758282,242.00758058849016
1953,220,11,275.12035226156775,241.94731270336595
1954,220,11,271.55055227006477,242.41263841796322
1955,220,11,267.9807522785618,242.87796413256046
1956,220,11,265.31095228705885,244.2432898471577
1957,220,11,262.3346200297412,245.2554155382632
1958,220,11,259.7542414962791,246.63076811534785
1959,220,11,256.46777185962316,247.24259426137266
1960,220,11,252.17963036081449,246.8345541636317
1961,220,11,247.99588089542644,246.5762261837488
1962,220,11,243.81687968946719,246.36449203048556
1963,220,11,240.343807037487,246.903982444114
1964,220,11,235.76959802041392,246.33413346674845
1965,220,11,232.0094330524635,246.6681984449847
1966,220,11,227.65287455682542,246.4257750469908
1967,220,11,223.81484435365377,246.7908632226827
1968,220,11,221.28597281424035,248.50294865176974
1969,220,11,217.22589519655895,248.5375955970373
1970,220,11,213.58289125495708,249.07565756095107
1971,220,11,209.24465631526547,248.93965568711232
1972,220,11,205.9710067318901,250.08504374072635
1973,220,11,201.9706033369245,250.4259813558402
1974,220,11,198.0239695583586,251.15264723395782
