time_stamp [milli-sec],actor_1_x,actor_1_y
102,-0.26170188200251393,4.9868931387094655
203,-0.37390585801665815,4.977402019911836
306,-0.5073760433258775,4.974602426457915
408,-0.6595938081421442,4.977160849074276
509,-0.8282910576639527,4.990447920273818
610,-1.011178307010272,5.012281647127764
711,-1.2052784777597156,5.030183366597628
813,-1.4067822390151528,5.029792636754576
914,-1.610572855248715,4.990246993641125
1018,-1.818725330849868,4.974841683335456
1119,-2.028833669170148,4.9772230419895065
1220,-2.2386044807832093,4.996040315169818
1321,-2.444169113172896,5.019056630608197
1424,-2.6409504144244975,5.031061418517049
1525,-2.8256368045226536,5.027132858029077
1626,-2.994024196358378,4.9885502038136895
1729,-3.1502340160439535,4.975757933245399
1830,-3.2897622802517064,4.9744250193729895
1933,-3.4090241759751394,4.977402086819768
2039,-3.5098868960983056,4.983486168894061
2141,-3.6418821866989246,4.992912953547917
2245,-3.7145449949098115,4.985619559546479
2346,-3.7387131226628143,4.970696180866731
2450,-3.726057446599745,4.951696271403709
2553,-3.6853739786481254,4.935862346061084
2654,-3.6276724967612,4.925567482954653
2755,-3.5664357021822637,4.923240644818576
2857,-3.512793723156648,4.9341022512113195
2958,-3.477653529192268,4.963307698408443
3059,-3.468874323381739,5.01615207296436
3160,-3.471538442343159,5.10125161450635
3261,-3.4802369628741125,5.215838186748127
3364,-3.5169986958035966,5.356693554558089
3465,-3.5247436793015106,5.506196822259774
3568,-3.5242201935739312,5.658753637785014
3671,-3.5170108248240295,5.806978628647594
3772,-3.501567035020278,5.943650968695415
3877,-3.4876638620864853,6.063695034885435
3978,-3.476931025885503,6.159989664734184
4079,-3.4679894510109905,6.226267087466471
4184,-3.423537003804893,6.279567608638231
4303,-3.3729331683830375,6.298766957238041
4404,-3.318286326881948,6.303835629979316
4507,-3.2709427995938682,6.297480647568039
4611,-3.2413366038767566,6.282399564037184
4713,-3.2386280294253753,6.263152931505828
4821,-3.273352742768811,6.243246303384393
4924,-3.358757654507094,6.19933552479675
5026,-3.4966790230263842,6.179373407833412
5127,-3.596516567283843,6.174718297586195
5228,-3.718861925593436,6.175423234654828
5329,-3.862884802795779,6.179613393925686
5431,-4.026636445508114,6.197472370068335
5532,-4.206377589120873,6.217598163555334
5633,-4.398429754624079,6.231065403389617
5737,-4.599524687743534,6.227293094232134
5848,-4.806947533690663,6.184037819665849
5950,-5.021374092299873,6.174432948757733
6053,-5.310594989798178,6.186852992688013
6160,-5.454206703151407,6.2023740491258215
6261,-5.735391353425686,6.230431906406333
6362,-5.939452217508775,6.228566209927699
6463,-6.1368893397675315,6.189613163252304
6565,-6.261134014073767,6.177859766047874
6666,-6.488418922879661,6.175333967269809
6768,-6.590276995330354,6.178475595512802
6869,-6.726177595897263,6.190918085983004
6972,-6.840401039457085,6.203611705785829
7076,-6.960377493144365,6.224162072746454
7178,-7.107941553507475,6.326802116577105
7279,-7.15690252267901,6.441320602095396
7380,-7.16121350691951,6.562865282755142
7481,-7.12883136457832,6.619456556202208
7585,-7.076129167478148,6.710788384777298
7686,-6.994097507998018,6.758934872131134
7790,-6.9363292518009905,6.702312213917897
7891,-6.896483730915323,6.53736648637867
7992,-6.896783199258684,6.354557461693962
8094,-6.921313593018951,6.121051132222323
8198,-6.930861292670319,5.90361336535379
8300,-6.924535995822818,5.713771361325529
8401,-6.88076081959528,5.505160076622069
8504,-6.874983521546287,5.27490961405827
8605,-6.88035060922233,5.110719398617975
8707,-6.908365520477108,4.849240099182519
8811,-6.930894931983435,4.479124347380969
8912,-6.885684223841116,4.191067716223919
9013,-6.874452739862594,3.9916131583718197
9114,-6.897880927062846,3.5782707366322035
9215,-6.930131615008114,3.259896927466214
9319,-6.928978421775419,3.045722095805172
9422,-6.874515570682563,2.61313780280425
9525,-6.888049138125155,2.2857757980781708
9626,-6.925565491365735,1.959567681882565
9727,-6.930956492024208,1.7432040855983768
9831,-6.876006693379941,1.3129308850788572
9932,-6.879728844664689,0.9981004528454579
10037,-6.913875990765362,0.6929172210414754
10143,-6.931304132750026,0.3965316950621118
10247,-6.8906077250255935,0.10714916232177603
10351,-6.874642475672697,-0.16751608254466616
10456,-6.883899490100852,-0.4252992986286813
10559,-6.9122293235992895,-0.6649772122195979
10663,-6.930894670753197,-0.8871574921407557
10764,-6.928142360793747,-1.0906480850695737
10866,-6.8893014754053015,-1.2733654350066919
10967,-6.876044372899306,-1.430203093128666
11073,-6.877808384423286,-1.6727257024197626
11175,-6.910496608787683,-1.920608998253737
11276,-6.94131436380923,-2.048382820931536
11379,-6.964188799881808,-2.0768438891728134
11481,-6.985970022106026,-2.0329578757210607
11585,-7.00169191095416,-1.941221564881334
11686,-7.003158084712018,-1.8188137160282503
11791,-6.990337024952062,-1.6887605911304073
11892,-6.962734130567621,-1.5763434369855924
11996,-6.917554876182229,-1.489603214456215
12097,-6.850485344018494,-1.4802632589026534
12199,-6.751976901269588,-1.4754449898032365
12300,-6.628159332183722,-1.4752535382909184
12401,-6.486440375946089,-1.4790311974931296
12502,-6.333681640775319,-1.4943787869846623
12603,-6.179351623347303,-1.5119378637987368
12705,-6.032017941354984,-1.5274605734941222
12806,-5.8998657422696565,-1.5311117480412224
12908,-5.789297666812238,-1.5301937572333009
13012,-5.707475636838988,-1.5253262982105273
13113,-5.658761630791774,-1.5143324561888472
13214,-5.637791916350898,-1.4925231261086798
13315,-5.635755496449759,-1.4411150281591552
13417,-5.649532412109391,-1.4085354195543205
13518,-5.671388332921048,-1.3789948138365675
13619,-5.695414973002394,-1.359849970080995
13721,-5.715584194306883,-1.3566306360242293
13822,-5.724897145287278,-1.3720661123393887
13926,-5.717265849896481,-1.4123595199580508
14027,-5.686691559369199,-1.4835464987356082
14137,-5.632456651976069,-1.5996688834129993
14239,-5.562574797721141,-1.7650763613281102
14340,-5.484455637564255,-1.973220785865182
14442,-5.396809852833172,-2.199883490056239
14544,-5.293936224703075,-2.412744758618829
14645,-5.173322539915438,-2.5853902194318326
14748,-5.0758910390765015,-2.7802762004184
14849,-4.995310911872471,-2.963555211386799
14952,-4.935255183135029,-3.122488644425368
15053,-4.894742099554287,-3.2325446139022618
15156,-4.888535162076295,-3.3006933199778734
15259,-4.912572867715154,-3.33786653100905
15360,-4.956015742445332,-3.351740859025516
15461,-5.007007528890406,-3.3472087385361453
15562,-5.053650030501874,-3.328118140403448
15666,-5.084783393246979,-3.301219785102254
15769,-5.088964240452416,-3.2732535167290124
15870,-5.054378653560713,-3.24827804445152
15972,-4.969391770299136,-3.229346483156593
16074,-4.862717552377345,-3.217986915467121
16178,-4.7680911395356596,-3.1849819208276497
16279,-4.65416262300623,-3.177772595694567
16381,-4.523163980847349,-3.177291577508843
16483,-4.377471703699884,-3.1814201155505435
16584,-4.219652735591614,-3.196286893381407
16685,-4.052330873074338,-3.2179492643932277
16786,-3.8777615551909954,-3.2375695120111154
16888,-3.697400607737328,-3.2415351968662613
16991,-3.5130407488031223,-3.2318755207071326
17092,-3.3250977148832637,-3.192387255035363
17193,-3.1412752369618104,-3.189090749200428
17298,-2.9621975354933854,-3.1942156608343435
17399,-2.7908963214292073,-3.212959294844047
17500,-2.6281454061693132,-3.231335277643642
17601,-2.475377177022371,-3.2432885135138916
17702,-2.3341880543047333,-3.2421387398931216
17803,-2.207747950545842,-3.2342831844297644
17905,-2.097897197547473,-3.198855881340462
18006,-2.010217594298608,-3.183869327655834
18107,-1.89591537890564,-3.1743261176416686
18212,-1.8248709889166115,-3.1873429448739006
18313,-1.7973250183622207,-3.2113060794075965
18414,-1.8041553313085137,-3.2364576608814906
18520,-1.8345674995101917,-3.2569339048435655
18621,-1.8797485076636904,-3.263404682953439
18722,-1.9291406357783547,-3.2485174677174653
18824,-1.9713755255139904,-3.2041611309719586
18925,-1.9958798914082323,-3.1212257602641604
19026,-1.9941819787303865,-2.9969980708336523
19128,-1.9863344170655794,-2.9406240386492297
19229,-1.978397040174364,-2.8753073740928405
19330,-1.9720474155548027,-2.80183662467113
19433,-1.9690017022026276,-2.72114117664434
19536,-1.968797567474089,-2.6340256259672543
19637,-1.9714796793593827,-2.5412920929543223
19738,-1.9779176056395973,-2.4438308685829644
19842,-2.010882152139485,-2.34590610414048
19945,-2.0209994605477943,-2.2408935749480836
20050,-2.0254596109956533,-2.1315889286099394
20152,-2.024248654766653,-2.0184383970446333
20256,-2.0213532916968515,-1.9027028640914194
20357,-2.0112096151335486,-1.783936220190192
20459,-1.9981074452989644,-1.6635777670974927
20563,-1.983815318754852,-1.5426630417862028
20664,-1.972234134982085,-1.4226611924409365
20765,-1.9693295562371655,-1.3053914615591713
20866,-1.9702666525400305,-1.1905259028599102
20967,-1.9771727617629098,-1.0790102503787162
21068,-2.0106918745228435,-0.9747775933790097
21169,-2.0208652309251427,-0.869716595140506
21273,-2.02538744786474,-0.7677231901179127
21374,-2.0254261811083087,-0.669776909490389
21475,-2.0235181253185486,-0.576997469106819
21585,-2.019017942179383,-0.49006579247408644
21688,-2.011335610012697,-0.4097386937465141
21790,-2.00222055688576,-0.33697716880957057
21891,-1.9965161758939247,-0.27270661721005096
21992,-1.9888309899067738,-0.21732625521761167
22094,-1.982025171114402,-0.12086912328615097
22207,-2.006450316009838,-0.027276339097433905
22308,-2.04230528216262,-0.0064057862903689165
22409,-2.0820963976506084,-0.017186331854850728
22512,-2.106868368820688,-0.037431467315415065
22613,-2.1432854487007225,-0.09571871161743112
22715,-2.1502520528728266,-0.12818643438292796
22819,-2.130138739538148,-0.18552883453437843
22921,-2.0759887526484206,-0.21054396261506447
23023,-1.978904621369201,-0.1859922454657049
23127,-1.8221497458435234,-0.17529561353809892
23231,-1.6139148155556846,-0.176241076722001
23332,-1.3715066666557163,-0.19717729082715837
23433,-1.1077563874539482,-0.2260451995581913
23536,-0.8286840740082368,-0.22797166954901565
23638,-0.5437754348585652,-0.1811098059872653
23739,-0.2856061047796277,-0.17560954429713588
23844,-0.13208891946474988,-0.1821541019916321
23946,0.11617738167599496,-0.20960227178734706
24050,0.23939942017615498,-0.22624892629250715
24153,0.3182956582953486,-0.2580354085787953
24255,0.3622119923377015,-0.3051524683483971
24361,0.3772846108036597,-0.35960571553933884
24465,0.36980672849212093,-0.41131503529882935
24566,0.34510294204217873,-0.449052074148585
24673,0.3104853621143734,-0.4638938461403128
24780,0.273224002286327,-0.44581133985074606
24881,0.2365128775115817,-0.3837432598586136
24982,0.18373793011084438,-0.2675760832758349
25084,0.1755835550353579,-0.1469520319402129
25187,0.17441758787738912,-0.03459693582936961
25288,0.1779051033998977,0.10042566194409887
25389,0.19175199868114579,0.25672206398326913
25490,0.21212703233675698,0.43203528038628203
25591,0.22929876803383165,0.6222331252324842
25692,0.2294455338268699,0.8209015830980735
25793,0.19183119905210003,1.0184176076916547
25894,0.17613091079644758,1.2264028175611483
25998,0.17797333526986603,1.4424838952722927
26105,0.1970416621758927,1.6646454662998316
26206,0.2207800262965443,1.886402675258506
26308,0.2296333629636203,2.098641284030108
26410,0.22294654607323644,2.2985114505521045
26514,0.18179119055835966,2.479172619082211
26615,0.1750205333025337,2.6573455240003554
26719,0.1776692330887523,2.822438223366304
26825,0.18854617700076998,2.9703105951450373
26929,0.2022576702183618,3.096244772379426
27036,0.2148696721122301,3.1965669723967745
27138,0.2300193044225106,3.4305653871201063
27247,0.2216905655767863,3.613954348813542
27349,0.19213314405390705,3.811283035334332
27452,0.19434464456886502,3.95969173129512
27553,0.2040588159402462,4.04313446498303
27656,0.21336909376286725,4.04773775208573
27759,0.21958098281625665,3.956876168183807
27860,0.21323051766980056,3.7513071233148803
27965,0.1770423092719571,3.419556832957116
28066,0.16976881455406959,3.1403606829685233
28167,0.17881759038026354,3.004864814084
28268,0.21769460086651132,2.849315520756439
28369,0.225360180467163,2.679338283004639
28470,0.22273853582632916,2.495576771996137
28571,0.20562776360896334,2.300238736941196
28672,0.18154525249014056,2.0935691350808594
28776,0.16934527647099795,1.8731764575003789
28880,0.17882640794467758,1.63768354303686
28983,0.22311033077726244,1.3851913434341265
29086,0.22309251067379607,1.1315699869166451
29187,0.19943652793806482,0.8739916508302812
29300,0.17182109425829586,0.6094708613537511
29401,0.17360376605680888,0.3328295646248829
29504,0.22184454154358985,0.04274671728158158
29605,0.22299527364270585,-0.24374057833487917
29708,0.19689737515511793,-0.5300365758111423
29809,0.1692256683529613,-0.8196662966467714
29910,0.17950387722789185,-1.1164953996439322
30011,0.22550925119571782,-1.4177433868400553
30112,0.21719794101063,-1.7129582246686994
30217,0.1834311618532181,-2.0057829658790296
30320,0.16900954899772033,-2.2990057830544766
30424,0.21274517781624042,-2.592369796584099
30529,0.22561470868726824,-2.8800233457558075
30630,0.20945399123702424,-3.1624695081356435
30733,0.17697247488514126,-3.4399668629787143
30837,0.1696583511858013,-3.7115451567973805
30938,0.21415018099128175,-3.9746344340817816
31039,0.2252878240752926,-4.2297843303164315
31141,0.21578846905057808,-4.476528021629222
31243,0.18796296912766106,-4.714249473936407
31346,0.1690688046480856,-4.940737708209348
31447,0.17251551002088844,-5.1541321759683605
31565,0.2148064237854039,-5.352637849015178
31668,0.22535452909438053,-5.598311986683821
31771,0.22190162700352958,-5.765800430497009
31872,0.2080896727859614,-5.917585603873138
31973,0.193066242178603,-6.0521500048320975
32075,0.18176465155587057,-6.351792054280513
32176,0.26389556631478683,-6.629742321164834
32277,0.4077729459659814,-6.773942024559471
32380,0.5303074160950882,-6.796554467386936
32485,0.6394530630021321,-6.729947191538748
32586,0.7130553298330984,-6.599159824860079
32688,0.732059303151562,-6.430847048254568
32789,0.6795562257429698,-6.259634050162227
32890,0.5346470771741333,-6.129873495030053
32993,0.26888905454763995,-6.084550101671191
33094,0.12139089690689064,-6.119893544948217
33195,0.0114140237612585,-6.1253616339861585
33298,-0.11111877138248168,-6.124590934140206
33400,-0.24544491762610646,-6.121007093991915
33501,-0.3902381261622143,-6.106210594350316
33602,-0.5451639221532854,-6.087977817926638
33703,-0.7099536081343437,-6.071465374752419
33804,-0.8849707726469708,-6.069123448396875
33906,-1.0694915615538019,-6.079698917665858
34007,-1.2640871776089069,-6.121070108907491
34111,-1.4628096926725969,-6.125568960908172
34214,-1.6668846172433578,-6.116970375453939
34317,-1.8757503679713619,-6.094260733926847
34418,-2.08977749958195,-6.071391054308962
34519,-2.3093238743043147,-6.069850961749035
34621,-2.5340158452716346,-6.111623301165989
34722,-2.759872514718725,-6.1254627291221775
34827,-2.987113617436089,-6.121172069707194
34930,-3.215539418179739,-6.097650999003357
35032,-3.445009545079648,-6.0717433392687905
35133,-3.67460845580058,-6.069738143144323
35243,-3.9025110252694737,-6.11116316220132
35345,-4.128848700767833,-6.125499380335408
35446,-4.353356174794368,-6.121389875484153
35547,-4.575820821404956,-6.098515160647522
35648,-4.795014928234397,-6.0739517964605065
35749,-5.008891794897326,-6.069088566551067
35855,-5.216449066116563,-6.082172557651209
35957,-5.416018761587339,-6.12326125203417
36061,-5.611654867959196,-6.124631822884214
36163,-5.800816784761981,-6.115266862539461
36264,-5.982746544212233,-6.095581811569532
36365,-6.1559560521496435,-6.0746377451464095
36469,-6.31849984839783,-6.068947160988136
36572,-6.470217802315929,-6.0720741057263865
36673,-6.609466291662914,-6.106600844788055
36774,-6.738669840622947,-6.119827381670552
36876,-6.856130003614401,-6.12570889784249
36981,-6.960857709773427,-6.125019136377687
37084,-7.191586516300793,-6.1334545014661845
37186,-7.406614843612563,-6.218380115968313
37290,-7.504351384157775,-6.383670413826687
37393,-7.5162392594892955,-6.595091946921791
37496,-7.4873995148987325,-6.822724613286314
37597,-7.3999692080431565,-6.967753032676449
37698,-7.282482479139349,-7.014387951936581
37812,-7.159952798095977,-6.93093370523742
37916,-7.001077089324676,-6.552386275239441
38017,-7.008315912860172,-6.085232583859373
38119,-7.021896603403757,-5.951168544261851
38222,-7.025746234714242,-5.853623674293872
38323,-7.02257583888908,-5.64021609257087
38424,-7.007011939456539,-5.465347918062233
38525,-6.993533870914551,-5.342026433580102
38628,-6.969023009853287,-5.07943130197219
38731,-6.972535251802773,-4.867731563870017
38832,-7.016942479185824,-4.642151677771456
38935,-7.025388281295348,-4.4875200477019455
39036,-7.0217773584651555,-4.248719225122134
39142,-6.9972192033045415,-4.0023979964131815
39246,-6.968893653939175,-3.6604245818717316
39350,-6.98099986359173,-3.3923434478062604
39454,-7.025420896913803,-3.114998802808682
39557,-7.018901676589566,-2.8348588181452503
39658,-6.98679655828273,-2.550377805937268
39763,-6.969047345838678,-2.25955441819686
39865,-7.009126055691942,-1.9611054874011704
39968,-7.0252148432403025,-1.6602051508805915
40071,-7.00833244085569,-1.35733388075637
40172,-6.973488664128287,-1.0519848136711036
40274,-6.97295560824069,-0.7433168654088809
40377,-7.023328787075678,-0.43254274561357176
40479,-7.021306360338394,-0.1219099014969048
40583,-6.987461470371353,0.18912774219217762
40684,-6.968603281436171,0.5001469699106023
40786,-7.01299278355982,0.8092051428626226
40889,-7.024653928493605,1.1168586958202593
40990,-7.00299344598542,1.423262677665432
41094,-6.971393035007837,1.7275294141430164
41197,-6.974545127399334,2.0270462204865574
41299,-7.02381509006275,2.3198993847765648
41400,-7.02178025387108,2.610540589419643
41501,-6.99283615915966,2.897601020140638
41603,-6.968988498484188,3.1785870231434483
41704,-6.979157206016814,3.4506923911439573
41806,-7.024739933901262,3.7129058790212697
41909,-7.022328542950869,3.970745135783116
42010,-6.9980120994152255,4.221792792343815
42111,-6.971605049467272,4.46388774216808
42212,-6.969876444340805,4.6943966560462105
42315,-7.010922524143938,4.911645470419261
42420,-7.025625779848885,5.119974337743122
42521,-7.023149919925789,5.317908664563396
42625,-7.008261947613072,5.5042482101007
42738,-6.987609372570316,5.677744222645911
42839,-6.971450403393911,5.837231464187627
42942,-6.96873393133916,5.982042460284388
43045,-6.975919892471326,6.159570058918973
43146,-7.052340716328764,6.641588549410674
43249,-7.092593932587608,6.907167315142998
43351,-7.160097238577871,6.996894062115387
43454,-7.235854391922808,6.95040488988647
43559,-7.303419937183686,6.8080294312507785
43662,-7.351218226281152,6.618581320624459
43764,-7.353790673645559,6.3903729599494214
43868,-7.26270066949181,6.22793623007705
43971,-7.088526975876674,6.126865060851405
44072,-6.9125063189520715,6.099104408018478
44173,-6.745044929451829,6.079111645379773
44275,-6.545576500860888,6.068978743116672
44376,-6.315642660763643,6.077532235442658
44478,-6.053902463797839,6.123190097235348
44580,-5.778293225394882,6.1221174611266385
44682,-5.492451496556784,6.09495019768046
44785,-5.194930433257137,6.0697547513823045
44886,-4.872209374745392,6.105981959064887
44991,-4.548948018864789,6.124234672673965
45092,-4.235599037720218,6.107330303366974
45193,-3.9310579303076927,6.073383939512832
45298,-3.6225122354915396,6.075125397195067
45400,-3.311838977420277,6.122380907193094
45503,-3.031132043499981,6.1218382632462855
45606,-2.775281613691906,6.097669811095009
45707,-2.5410389116422913,6.0718919934127396
45810,-2.327928653523538,6.070095354121949
45922,-2.1443810374528356,6.082755983947322
46023,-1.9950729922394304,6.1199416655659675
46124,-1.7721944981970637,6.124101617096537
46225,-1.5994836970900108,6.115517484434395
46326,-1.4698888553093417,6.102452793997405
46433,-1.3924224858872585,6.098962242404696
46535,-1.3703366246107935,6.100232739794274
46636,-1.3986700613994436,6.104173842704648
46737,-1.4777327763349237,6.11476659265036
46841,-1.6152756618063384,6.1277381450435
46942,-1.8113214224397296,6.129799820176931
47044,-2.0186491055335476,6.09118620870207
47151,-2.114701586785537,6.080782193536006
47258,-2.2263948868684342,6.075297036886923
47361,-2.3533518455122624,6.075569563067999
47462,-2.4945914726641494,6.079441099187242
47570,-2.650588400171715,6.0957451191638885
47673,-2.8771600038719063,6.121173393954694
47783,-3.0568826566915925,6.130732976324316
47884,-3.2424386933059144,6.126815513571667
47985,-3.4286086552248842,6.085813464818965
48086,-3.6265740097669172,6.074765914693387
48193,-3.831932937094928,6.077740545254001
48294,-4.043361673018291,6.097986946097684
48397,-4.2571044537158995,6.122037222298132
48498,-4.469735200483624,6.1306801785774665
48601,-4.680785672308905,6.121831365705707
48704,-4.88916203729605,6.078309999605889
48805,-5.098709806188025,6.075316590071878
48908,-5.305230729215284,6.084519864186013
49009,-5.440310351808796,6.100399275382103
49116,-5.5726389345378475,6.115949315292055
49218,-5.828269166809824,6.130945141753207
49319,-6.070987977159037,6.119746219016065
49425,-6.244292114485088,6.080242989702213
49526,-6.405687732819439,6.074446443954736
49627,-6.5549370542807,6.076623893182657
49728,-6.690907266363731,6.086458982670847
49829,-6.812837012349862,6.100419652407801
49930,-6.920054893664674,6.1129495756356365
50031,-7.034278868120564,6.126228833228659
50133,-7.230333775392634,6.171563075580826
50234,-7.3400916950964685,6.251435716213218
50339,-7.36705132423372,6.330644484509679
50446,-7.341138979873723,6.434480579982458
50552,-7.302069304887676,6.499048710578239
50653,-7.197301805809865,6.58526359995622
50756,-7.11200576528985,6.581643057540878
50858,-7.0421914212380745,6.49465135730839
50959,-7.0140499467469954,6.301042943453877
51061,-7.028616328260804,6.0702494882235305
51165,-7.031337832653441,5.972197799748531
51266,-7.030126764567511,5.86192739271202
51378,-7.023594563398521,5.740340892716191
51479,-6.981881415506572,5.563511168300828
51580,-6.97436271449844,5.417948549716703
51682,-6.975703987396266,5.2623493603902185
51784,-6.98002043727372,5.15343023824103
51885,-6.998468961656985,4.982269220435397
51990,-7.018911452407135,4.80333587518915
52093,-7.030963513486798,4.618139050809364
52197,-7.023158520724347,4.363298934210449
52306,-6.9806433134819725,4.167923696042225
52409,-6.974737549425558,3.9654096843081583
52510,-6.982234426084668,3.7581783059356493
52615,-7.004185172958861,3.547199006455087
52718,-7.028362823263445,3.333882691182825
52819,-7.030211669675098,3.1194161509034295
52920,-6.9921469636454425,2.903961042113064
53024,-6.97524188115439,2.6871762998605355
53125,-6.977033421588762,2.470336282458454
53227,-6.996839321862883,2.2546620063713805
53328,-7.021681856842874,2.040926628641223
53429,-7.030879977433679,1.8290644780590883
53530,-7.022983889531602,1.619239601089351
53635,-6.979871177032888,1.4106746479460572
53736,-6.974430317986631,1.2080219129545429
53837,-6.982287237888211,1.0110309029867723
53940,-7.002492389514604,0.820503491352647
54043,-7.024684641539518,0.6363986570023673
54145,-7.030813876949167,0.4578994219788358
54248,-7.02563780024429,0.28595631645219177
54349,-6.986791469843224,0.11960298806213768
54451,-6.975235311633669,-0.03569379170512682
54552,-6.97506422502728,-0.18056624069154192
54653,-6.976847992823945,-0.2713848412886152
54754,-6.985805608049431,-0.39837877232586105
54855,-6.999166454932466,-0.5140802586123087
54967,-7.015016872301999,-0.6502254047534846
55071,-7.032327475824645,-0.8435228473113251
55178,-7.0428983629422435,-1.069645780167365
55282,-7.05635510422226,-1.183532941481069
55383,-7.060308136020328,-1.1982327519289615
55484,-7.0835026822766665,-1.1500883087234925
55585,-7.102444831305448,-1.0550255942421658
55686,-7.113902651923175,-0.9389382385385646
55787,-7.110396672475993,-0.8252696009743753
55896,-7.0839040071151915,-0.7345982205034163
56004,-7.001637011444279,-0.6882195966752417
56105,-6.892490979802151,-0.7028060227721586
56208,-6.741465134160415,-0.7248769089562963
56311,-6.56024700164298,-0.743911243450906
56412,-6.36053583822351,-0.7472615308106086
56513,-6.153103670779041,-0.7098522788538029
56614,-5.941324710178006,-0.7033348897641996
56715,-5.804077155687947,-0.7056357143812668
56816,-5.612392333436326,-0.7165484577215632
56918,-5.446890006827798,-0.7274069091550738
57019,-5.316719064212469,-0.7276484711308198
57120,-5.225680082281943,-0.7090485525260805
57224,-5.165044804848629,-0.6749942545126525
57326,-5.128232212663294,-0.6322043331658963
57430,-5.108786891559832,-0.5833364986494767
57532,-5.099042904503937,-0.5119584414650071
57634,-5.095365974248708,-0.45817089531276334
57735,-5.087755629163255,-0.4064368216069738
57838,-5.077174272689045,-0.3400876346939118
57939,-5.041948675640025,-0.3011384263303197
58042,-4.98681722317066,-0.27471520927521886
58143,-4.9634720124453064,-0.25944632611172014
58248,-4.9697798674689935,-0.25298018788728965
58350,-4.986540247956364,-0.25178507531977656
58451,-4.993613141455842,-0.2547241389362534
58554,-4.971043301392657,-0.26024153725322197
58656,-4.898985842953372,-0.26607764481137536
58758,-4.75710053145861,-0.2740523937962758
58859,-4.525201054821416,-0.29806336271113865
58960,-4.311679339056557,-0.3231869947857182
59062,-3.9091083562235034,-0.3240244594927226
59163,-3.792069550434465,-0.28906017703601955
59264,-3.5277820391727333,-0.26884277449991256
59366,-3.38159345029665,-0.26904376649792916
59469,-3.1462693988157486,-0.2871410443226936
59570,-2.892947689700293,-0.3124520918986171
59671,-2.6231286531858906,-0.31380803207237934
59773,-2.3390608875088303,-0.26190926752936566
59875,-2.0425360799986945,-0.2519586118229051
59977,-1.7346155563478447,-0.2736882911593654
60079,-1.4170351170659443,-0.2995303357911012
60180,-1.0932029185779675,-0.28293182375996606
60284,-0.7655358217614723,-0.23498421138809183
60388,-0.3189887102473544,-0.25956585142190935
60489,0.0185443445335491,-0.28153511675147064
60590,0.35080247448894747,-0.2338773442188588
60692,0.5721922570252732,-0.21818204028084542
60793,0.9041320879385,-0.22803856922244434
60897,1.341074534958533,-0.2648694610927018
60999,1.656196263768033,-0.24763811777522618
61100,1.8580020761800136,-0.20382087294560372
61201,2.256492751960171,-0.20916079871024518
61302,2.44906452216811,-0.2276459436584972
61406,2.7251859834197805,-0.24714150488525877
61507,2.98259628234968,-0.23543763704414483
61610,3.219858819635543,-0.1869440805617049
61714,3.5113588126955397,-0.18358942488083232
61818,3.7058627908726236,-0.1997682855856813
61919,3.876335533200699,-0.2169809528960598
62021,4.0614686177669945,-0.22906171736168318
62126,4.364592608802423,-0.17960408365296568
62229,4.540861863416519,-0.062414595152327466
62333,4.6032361147346785,0.03802418178189215
62435,4.577559636852671,0.13248917532278343
62536,4.489161505643084,0.20754819077878237
62637,4.356713261057002,0.2425274083459955
62738,4.208742714151523,0.22560827180330814
62840,4.071684635714921,0.13999647410151403
62944,4.005582305418206,0.03640669077131205
63048,3.9762440187176087,-0.23639165060440365
63149,4.0109408604429735,-0.35422082050231923
63250,4.019416326917581,-0.4432730285232896
63352,4.025207951126837,-0.6441788666892899
63453,4.02113847889428,-0.8128500198212223
63554,4.001799832020005,-0.9946171976975847
63656,3.9789445792755305,-1.1890037333895296
63757,3.9695488988995407,-1.325621040779681
63858,3.9769763408782595,-1.6148129444819108
63960,4.015972977918455,-1.767872872933485
64064,4.025398670635204,-2.000271716415044
64166,4.016906396956368,-2.238102994243496
64281,3.978890249677221,-2.5623242406748834
64386,3.968774272198065,-2.810690589228425
64487,4.006512133191527,-3.061556407814308
64588,4.025792172838571,-3.3120265074840316
64689,4.020837276326863,-3.5615613374761526
64790,3.9953535254872703,-3.8095966675795303
64893,3.9698583013731876,-4.0545564963680985
64994,3.9720024558517486,-4.293475989962025
65097,4.0171981440885105,-4.523175246325583
65204,4.025257957133459,-4.746920164925068
65307,4.018114338128065,-4.962493894747812
65411,3.9967168092431717,-5.168558573397603
65519,3.9802613027430236,-5.299488949724904
65622,3.9689485963212583,-5.483856584938322
65723,3.971556602739428,-5.6527840420301185
65830,4.006329057315747,-5.8044013716275185
65931,4.020207029783546,-5.9405649402443625
66039,4.025682661611024,-6.094085922409048
66140,4.025841780790829,-6.392058195271472
66242,4.03666457426443,-6.503513854148489
66348,4.062764509575346,-6.534958182568898
66449,4.087983956412666,-6.50250132074205
66552,4.107470291510247,-6.423738578979155
66657,4.118731827786372,-6.319867467593667
66758,4.117670621254775,-6.216080532555051
66859,4.094695526945219,-6.130027168078449
66960,4.042156637128133,-6.079977524458772
67071,3.9514827553736827,-6.079519445168711
67172,3.8091038475024037,-6.118925695472883
67273,3.628637842663034,-6.1301309754894655
67374,3.4217057548038516,-6.130150687982806
67475,3.1988560284856193,-6.1108120315236265
67579,2.969307345055808,-6.087701835402793
67682,2.7456722449005553,-6.083796187479778
67783,2.541612816678046,-6.096595409554707
67885,2.369272756405951,-6.132411583657254
67986,2.234222957670483,-6.128684925657309
68087,2.1452256805477123,-6.128821668846169
68188,2.0901333542891987,-6.166235608658295
68291,2.0634155312087823,-6.226439998233765
68392,2.0617311619031016,-6.291209479576213
68494,2.0794531794042324,-6.3475652023233256
68595,2.0975823010674053,-6.374129036648909
68696,2.129064430454685,-6.38409550300003
68801,2.1520947706185347,-6.362136848648541
68902,2.192009855868882,-6.272825831349884
69004,2.224943862737568,-6.104651084525874
69105,2.2261328981348627,-5.867413089379028
69208,2.218526684231052,-5.776696445228245
69309,2.1874050447730924,-5.69980314405227
69414,2.1802052102038543,-5.617286261881126
69515,2.1754383191214153,-5.528911909385983
69616,2.1746896266718236,-5.435203460148438
69717,2.1759252686769863,-5.336404856146334
69818,2.180284649308998,-5.232991993414344
69919,2.19083691914635,-5.1257088587601425
70033,2.200113862037933,-5.052117491110827
70134,2.2134384544428007,-4.938379342524642
70238,2.2283797597115513,-4.780594699642976
70339,2.230438065720305,-4.656852869973829
70443,2.227940572025698,-4.529107289807691
70546,2.2171907666809507,-4.396924227162137
70647,2.181151043436384,-4.257470865285919
70751,2.1745978437219042,-4.1204884256821455
70852,2.1756647282573938,-3.982722758214613
70953,2.182037576102674,-3.844130366901171
71059,2.197628478182511,-3.7058022424166164
71160,2.2133645576651078,-3.5663182384865375
71261,2.227836557173147,-3.425654974502904
71362,2.230377653631207,-3.2819405314336736
71464,2.2263961981443656,-3.1364817310949213
71565,2.191926831463872,-2.9847733220945067
71666,2.1779422019081416,-2.837305991106445
71768,2.1749680468287345,-2.6924842768273725
71874,2.177566330295923,-2.549493029845454
71978,2.1881753922146303,-2.409050935838166
72082,2.2031887307495364,-2.270673994079965
72183,2.2207365450223677,-2.1342259892455124
72284,2.2307996216606867,-1.9525709025100757
72387,2.2305403561607027,-1.8621955458787531
72488,2.224315833481666,-1.727673518104056
72589,2.188953469280976,-1.5911603068084734
72690,2.177575038298734,-1.461886396687127
72798,2.174676637296812,-1.3373373990199848
72899,2.177377638889721,-1.1778657687383751
73000,2.184970889271242,-1.063511333073117
73101,2.1935329390152143,-0.9899540896405805
73203,2.204755626224633,-0.8829337518911149
73305,2.21819766277535,-0.7805937116621927
73406,2.2280155833743827,-0.6826098033881773
73510,2.2311015615689564,-0.5591165636722604
73613,2.230939186302962,-0.5009413820805396
73716,2.2285123062905283,-0.41846183574521506
73817,2.2238805915469926,-0.34209003719103315
73921,2.2168305846333505,-0.2722105894542291
74023,2.1818706129035674,-0.1507941108575518
74132,2.19901540374973,0.06170582009515257
74235,2.251026173816034,0.17686732934020002
74336,2.318419303549065,0.21409711075495866
74439,2.3886088776182874,0.19309153653880082
74544,2.449010184729448,0.1341280236928042
74645,2.4834061310131244,0.05320500827091841
74746,2.480048424057604,-0.030472413078709945
74847,2.424805929602975,-0.10622193275585566
74948,2.3084226848285976,-0.15817209384529013
75052,2.161532909507105,-0.17303985195619487
75153,2.040623671778785,-0.20476593435657714
75256,1.8946721771815123,-0.21772957721446234
75358,1.7257282455135063,-0.21921300068143698
75461,1.5365219138149109,-0.21113795404276892
75563,1.3295620822857335,-0.1853049687271619
75665,1.1839786509983816,-0.16565060623888872
75766,0.9575603898830737,-0.14821896141433247
75869,0.6454897868194036,-0.18212365498335337
75970,0.40464011729859517,-0.19588540909599209
76071,0.16207326614307294,-0.18787270704863296
76180,-0.07792751980498434,-0.16073760527605466
76281,-0.3122704992058642,-0.13425664510335908
76382,-0.5397467299726306,-0.13403986351975994
76483,-0.7596152255772968,-0.17685757584418543
76586,-0.9639467874590644,-0.19257774335089703
76690,-1.1501241712528019,-0.19464654139890322
76793,-1.3156355655450929,-0.18848695531241677
76894,-1.4584231535660799,-0.1813349946181676
76996,-1.5761684747334033,-0.1767195266974519
77097,-1.7282352202549267,-0.193113616724801
77198,-1.8363260541085118,-0.23605229143531753
77299,-1.8867865496973726,-0.29182999967102097
77400,-1.8904182655292021,-0.3565540650189109
77501,-1.857281133431993,-0.4271197496105964
77602,-1.7795327712858353,-0.5118089717407971
77707,-1.7075856807480432,-0.573654938780403
77808,-1.6412027808817105,-0.6262416901273736
77909,-1.5934963013128673,-0.6684996426545118
78010,-1.5747673352106868,-0.6991286611391727
78111,-1.574445174645878,-0.6945702740037765
78212,-1.5753704607299939,-0.6415762848496912
78313,-1.5777287212330369,-0.5591878655988968
78414,-1.584282124783757,-0.46662561452261025
78515,-1.5946044702303521,-0.3825340046361657
78617,-1.6010804929916786,-0.32493592779790126
78718,-1.6022555355573638,-0.31300840182759593
78819,-1.6085900427296607,-0.3664669989053166
78920,-1.6187809700163422,-0.44775795154079445
79021,-1.6312749251213319,-0.7110565414312043
79122,-1.6296181294467555,-0.788072970492728
79225,-1.624304907089155,-0.875178582786918
79326,-1.5926527903283687,-0.9720198506813276
79427,-1.58091635478896,-1.0778424843958527
79528,-1.5761908754025202,-1.1531343505203115
79629,-1.5745564864735355,-1.272730740183961
79730,-1.5763727233378568,-1.3998232031277813
79831,-1.5856123032404614,-1.533700525035066
79935,-1.6014417534954348,-1.673709948906828
80038,-1.618782651096065,-1.819371706074117
80139,-1.6304677005182069,-1.970424011623858
80241,-1.631340819850981,-2.074089146631384
80342,-1.620090541045311,-2.2879181413967724
80446,-1.5808234932881187,-2.4548460212094527
80550,-1.5744327091472619,-2.679633197187578
80652,-1.5802272885671822,-2.8503480112212687
80755,-1.5990256708593165,-3.021740163093516
80857,-1.619195792280935,-3.1941179588580684
80963,-1.631037185845613,-3.3678879778806863
81064,-1.628471982623822,-3.5432866301183523
81167,-1.5923070980629057,-3.722054540839686
81270,-1.5764713517824194,-3.8979964632942328
81371,-1.5746885133709636,-4.01360361415695
81474,-1.582114894553724,-4.241013099795038
81579,-1.594011864804776,-4.352144334660372
81680,-1.6055079323001293,-4.462031900487078
81784,-1.6253295678040092,-4.623813703839892
81886,-1.6307953586129211,-4.836114646704519
81998,-1.624008279674071,-4.991479112209019
82099,-1.5855299242137793,-5.145325366388609
82201,-1.57531270619391,-5.290215897988349
82303,-1.5746128221697926,-5.42786494608935
82407,-1.5780275344118646,-5.558402719082727
82508,-1.5886524057748046,-5.681136701727643
82612,-1.6018187068707141,-5.796108446314253
82716,-1.6149713279718043,-5.90307099581795
82817,-1.6256616611731116,-6.001654613910793
82919,-1.6310930805809376,-6.119145697065241
83042,-1.6314053889587503,-6.195744559741643
83145,-1.6179935525423772,-6.469432325357524
83247,-1.6385499491325226,-6.5459389095318
83349,-1.6917453829056066,-6.5950263184668625
83452,-1.7525920305429472,-6.5809758800769576
83553,-1.809039961737249,-6.523052054571411
83654,-1.8471872608334066,-6.438556398247137
83756,-1.855650015409093,-6.347218736523333
83857,-1.8218723574674813,-6.269508649745075
83959,-1.7319006763456528,-6.221121782853234
84061,-1.5870941514685988,-6.219356005091663
84164,-1.4348268313970212,-6.230532372882058
84268,-1.2927621337774515,-6.231010053310924
84369,-1.1867359786229013,-6.2257718014488885
84470,-0.9529501878636712,-6.18064880416918
84571,-0.7573236538656813,-6.174792902534123
84673,-0.5483342754229446,-6.1817287772242135
84776,-0.32924931824535536,-6.204501530998359
84879,-0.10420888610676736,-6.228640310933561
84982,0.1236201270588653,-6.229441141685454
85084,0.3530837240156535,-6.186325609442601
85185,0.581204204861584,-6.174295177540339
85291,0.8040184573507112,-6.1796049351794995
85393,1.0178131011346214,-6.2021948511201135
85495,1.220519478083583,-6.225773897129855
85596,1.4111378749724854,-6.231271870397902
85698,1.586726601298266,-6.223698318215423
85802,1.745296689531999,-6.1842257732616455
85903,1.879156538689897,-6.175202534919898
86005,1.9873531714652122,-6.174720376372021
86115,2.0858849617233526,-6.184544672891233
86216,2.2215626141207916,-6.278032884390353
86318,2.2631269820573676,-6.386311372687901
86421,2.2665502543704803,-6.501035662955772
86524,2.2531324613590473,-6.570522765662925
86626,2.1976878795687163,-6.661820763163838
86730,2.16103423061835,-6.67313914564476
86833,2.1040601732310122,-6.6331556504667315
86936,2.05468932657366,-6.509076652376159
87046,1.977795364921764,-6.193709090267434
87149,1.9744450611821587,-6.077180538451137
87252,1.975852175545716,-5.940521137228858
87361,1.9849443787477887,-5.784796974331535
87463,2.01218745521979,-5.549517091331401
87566,2.0301431742476392,-5.3551690116852
87682,2.0293209948972093,-5.148549153142412
87784,1.987706778365696,-4.932683073173537
87887,1.9744107134216542,-4.703979019361986
87991,1.9882647651376575,-4.38286550191202
88092,2.0063675428306933,-4.216801139916293
88194,2.0305728847617814,-3.9631656253757415
88295,2.025317518432478,-3.706012666584668
88398,1.9776176192898256,-3.4458890428314715
88505,1.9799561720854835,-3.0947231939366326
88606,1.9990458475947859,-2.9192316645432284
88707,2.027903662579532,-2.6576044587822403
88809,2.0235334356036287,-2.3120793411277782
88912,1.9825743006953789,-2.139974100165711
89018,1.974408507554433,-1.8886660238433333
89120,1.9971835299845715,-1.566782934036272
89223,2.0231351207095933,-1.3364237366927232
89324,2.0310294180903647,-1.1878080393885224
89428,2.025604783995234,-0.972947704860243
89530,1.9778956245137265,-0.7032545723556216
89631,1.9744336278362846,-0.5206375614887461
89732,1.9794951488121268,-0.3547979148694934
89834,1.995560706520939,-0.20694821466553337
89943,2.0098252209461225,-0.07752680611033848
90046,2.0292781275304845,0.09362750888912845
90147,2.0454047420244925,0.3157860587801051
90248,2.0652806588338737,0.43395279553269717
90349,2.0825150382594733,0.4644956293807567
90455,2.102189038397069,0.4227956235693204
90557,2.1167597640002485,0.3705456024089586
90658,2.133146188295549,0.2686621882310103
90759,2.136692445873233,0.15932964222491977
90863,2.127327190787315,0.09233822140817827
90964,2.089185570328762,0.01426643742668985
91067,2.0155303454015967,-0.019371636846537806
91170,1.9522789853570153,-0.01390281443606326
91271,1.881648750145354,-0.005962389718954465
91375,1.7977240110554544,0.002609818472158299
91476,1.7017550376567478,0.014537140182224201
91589,1.5588857431603464,0.028164478004528537
91691,1.4828886127641983,0.030653561572660387
91802,1.3645765839470585,0.030432832995233448
91904,1.2428983562017035,0.02441126613609118
92016,1.0832247112309628,-0.01520123106407005
92118,0.9577097256796797,-0.023944962634474952
92219,0.8732008061318608,-0.02513503424069335
92320,0.7471795164129876,-0.023665600216945495
92424,0.6233996615073549,-0.01748892595773628
92527,0.5033779665535605,-0.004908188550977796
92629,0.3904172878741482,0.006335288336464755
92731,0.28569700456322367,0.019643210875793148
92832,0.16328895025840312,0.029685406096411758
92937,0.08604966793509645,0.031235192834396092
93041,0.022426692296642767,0.03104692308692676
93143,-0.050345911471886634,0.026338006446099814
93246,-0.10867527199232138,0.00683335743645427
93349,-0.13551884298347913,-0.02198006277111964
93452,-0.13420995069261293,-0.06570897763684003
93555,-0.13000477725679657,-0.11131135153595785
93659,-0.10487290105829675,-0.12897095716964158
93760,-0.07614887474490976,-0.130797718589755
93864,-0.04870676183710029,-0.11139571686075507
93967,-0.026449704425006958,-0.04490835262330236
94071,-0.025464147832213957,0.04307080375581596
94180,-0.024416482895401888,0.1749837225023554
94281,-0.015059654577074106,0.3428998740467535
94383,0.006445501882979169,0.5366065365679847
94486,0.02872702342360644,0.7474982710147763
94587,0.03019649038025411,0.9649613928940052
94690,-0.009475795448164535,1.1745670466929143
94791,-0.02441091211243688,1.3673464856575757
94895,-0.024705627721656888,1.5341039609935971
95004,-0.019547871404884502,1.6636707898279064
95106,-0.03460274660448555,1.7686553813018064
95209,-0.09476208912650586,1.808493620615666
95311,-0.17929802593726407,1.81995133913954
95417,-0.24070521380189364,1.8140798080023217
95522,-0.35836481665077413,1.7832216807310939
95623,-0.41779271329873824,1.7531038873876434
95725,-0.42697627330651566,1.7220875107165026
95828,-0.36525422593420237,1.6944151557874985
95934,-0.21385668300070246,1.6850403987489595
96036,0.016424312452187294,1.72323483743462
96138,0.13230631410320107,1.7254611620877125
96239,0.26710029736061364,1.7237932400935625
96341,0.41896957060766493,1.7129946420628295
96442,0.586555350042926,1.6951525030924586
96543,0.7688326830680036,1.6736544162588725
96647,0.9657469172534585,1.6689976677338
96748,1.1756447621421755,1.6808922989016086
96850,1.3969390684195573,1.7236152234335735
96951,1.6256378956466666,1.7240811583286861
97052,1.8621846363025427,1.7046114200495384
97155,2.106053604528666,1.6770715426121725
97263,2.3552220309940806,1.669047693212127
97364,2.6053048740435942,1.7090346760448496
97465,2.857883286729304,1.7256558761396106
97567,3.113134092302273,1.71769234467287
97672,3.370559784867194,1.6896229597663477
97781,3.6258650182711962,1.6692031352212993
97884,3.9512193517643324,1.7062297663252843
97987,4.110487480455215,1.722069681724026
98088,4.347527068653351,1.724110862044499
98190,4.5801663082479465,1.708362849879345
98296,4.805642565114397,1.6825149801763564
98397,5.018145329688401,1.6691590733116282
98499,5.2152032400324595,1.6743745998908794
98600,5.393557831158933,1.7150098995615657
98703,5.5627364542899755,1.7251020631374752
98804,5.717464367284091,1.7245065275243237
98908,5.855049112128585,1.7181531775730694
99017,5.973272073369563,1.7055124457412114
99118,6.217969967526954,1.677406856470148
99221,6.558699547844325,1.6766513838440495
99323,6.794034076713306,1.710730283413446
99426,6.954470032060957,1.7079329579977136
99530,7.033082467212594,1.6981426934304302
99631,7.021709895717744,1.6884939794247384
99737,6.907661124524319,1.682529415933147
99839,6.675638740898052,1.6963291817729718
99942,6.328266622684828,1.7300820650357802
100043,5.9717039197122235,1.716855436708994
100147,5.859329706072507,1.6820361265123873
100251,5.735126209452067,1.675606377326416
100353,5.599908174638896,1.675301069350334
100469,5.454404209662381,1.6793747178874887
100570,5.300329942371806,1.696171019012258
100677,5.137177130970931,1.714807914976657
100780,4.90455840586708,1.7310014366399165
100881,4.781143736672678,1.729938241397883
100984,4.583768242735384,1.6933795078014324
101087,4.313037993421596,1.674865544631653
101188,4.1043695405574985,1.6783008686920655
101289,3.891847121596082,1.6998799156078945
101392,3.7470470662361084,1.7169439625483978
101496,3.523235593733387,1.730970283675725
101597,3.3693490661533003,1.7281790558223051
101698,3.1295840007893587,1.6836461488907966
101801,2.8903880617359015,1.6748973598096113
101903,2.729839467886094,1.6783328319680317
102004,2.487777744689262,1.7025432822118243
102106,2.242215796215815,1.7287374199173533
102210,1.9917241941188932,1.728249881570242
102314,1.7370531925035244,1.6816209966269104
102416,1.4836268558113799,1.6752483541572334
102518,1.2297721745812398,1.6896662754521299
102621,0.889857322131875,1.7281357743495207
102724,0.6346342988890002,1.7289197991928906
102827,0.38184895471420877,1.6829971154378833
102932,0.12976952941631711,1.6744012925963603
103038,-0.12180108803448829,1.6879188149805218
103139,-0.2892062251840885,1.7059331573208592
103241,-0.5384861023066789,1.7303283805296303
103349,-0.782359640887685,1.7264317945393164
103452,-1.0177355738338199,1.6809520135114762
103554,-1.2529762797967645,1.6752187980852706
103655,-1.4858976433789146,1.6873797496384009
103758,-1.7158220767482535,1.7132839077026825
103879,-1.9391729709554646,1.7308251894317563
103980,-2.2224288697204795,1.7209119249231333
104083,-2.4216046284583195,1.6785074886689073
104184,-2.6193096550841304,1.6749304793249966
104285,-2.8108755947974142,1.682692470039049
104388,-2.995621903896815,1.7020620758952225
104491,-3.2274748001472076,1.7276681085364785
104594,-3.335683977614036,1.731084600820436
104698,-3.4887363407447767,1.728518970333796
104799,-3.674038235399831,1.69061481189422
104902,-3.8023683482308757,1.6778924451816408
105003,-3.9200288796052916,1.6744949959263358
105106,-4.1256482668722025,1.677979499096698
105209,-4.509753575483186,1.7195114177857935
105312,-4.746251401745757,1.7263874057113355
105417,-4.866127362061402,1.7164051128463025
105519,-4.870880497765778,1.703063232117454
105622,-4.812368999701002,1.7016866387217817
105728,-4.674710061655397,1.7131828115323535
105831,-4.550697637471909,1.719917800438334
105943,-4.336794944859812,1.7207849866684295
106045,-4.1146787974348955,1.700679495502569
106151,-3.951497924677307,1.6817095410931995
106254,-3.823587865627787,1.6705737405897823
106373,-3.6109148376897764,1.670691701590432
106485,-3.349578458321964,1.715890125569325
106586,-3.13570486040446,1.725150004719751
106688,-2.986310078484159,1.7229768676249861
106789,-2.755062382213094,1.701903979036645
106896,-2.5145044319592884,1.6747058709209222
106997,-2.1778925165839658,1.6741873898633532
107099,-1.918186862204843,1.7205918603293364
107203,-1.6647843266629891,1.7245926561646634
107305,-1.4164032778813576,1.706239111864741
107411,-1.1742802998829371,1.6778632950248267
107512,-1.0179064070543995,1.6689202542630905
107613,-0.7945703093772739,1.6743771755409698
107715,-0.5894076765716678,1.7179195002896461
107816,-0.40188371822446606,1.7256588083180153
107920,-0.18578314895266693,1.7207372866260118
108022,-0.09462051145781114,1.7120547967326274
108123,0.03468301656753159,1.698077126456088
108225,0.18322700410567147,1.6899161665238536
108326,0.2610628346677616,1.705166888456775
108428,0.282950197160365,1.7329260918980924
108531,0.24806519956835638,1.7734529189353576
108632,0.1910771817240112,1.7983535948845848
108739,0.12299969034616022,1.8122127729243076
108840,0.05753850064560869,1.8087479087698919
108943,0.007527584206438412,1.7812897382957182
109045,0.007855192100837093,1.72415441343091
109147,0.01759061009294724,1.6254390485718004
109248,0.02547186478344437,1.4262680083731254
109355,0.024065120909682276,1.3052182925547544
109462,0.010061106387879768,1.1057176867038057
109568,-0.015504258259126805,0.8925955690406625
109680,-0.031377685800193386,0.6047759205298577
109784,-0.021098411457145746,0.4028810582248743
109886,0.019288579235552283,0.22715400313976042
109990,0.025444829301397756,0.08224106469639943
110091,0.02512030561534381,-0.01985392517408028
110195,0.03538386995095518,-0.08356426295038308
110296,0.06376242339480455,-0.12350966061147085
110398,0.08083975024133014,-0.12790508863169445
110501,0.10468495509870153,-0.11898199477888259
110602,0.12348456393422311,-0.09729133352542524
110703,0.13093146275698653,-0.0573097060251061
110806,0.1177682889866479,-0.02827753084159096
110910,0.0967470548865528,-0.011279626821103473
111013,0.019365301413968174,0.004897276448756791
111119,-0.03663076950090163,0.006323153578908877
111228,-0.09480282658730621,0.006442039077135647
111333,-0.1634023450055663,0.005867005073215623
111438,-0.21453836721213362,0.002853049545345109
111548,-0.26954579457462635,-0.001369892852890492
111650,-0.35883268823666525,-0.011760600105092077
111751,-0.45511877775979037,-0.025954775852284576
111863,-0.5574513888853859,-0.04529361850929883
111966,-0.7050242302513444,-0.09908918881598155
112070,-0.7778670421814492,-0.11287465513600486
112175,-0.922853562660154,-0.1330000521863851
112277,-1.0299467014474828,-0.144357578957394
112380,-1.1341470794537,-0.15212288609995003
112484,-1.2339332810907224,-0.15426465818854757
112588,-1.3288651276362669,-0.1544668027932301
112689,-1.389038691753221,-0.1545237458230847
112791,-1.4736274155340787,-0.1537849547545745
112904,-1.55063445986836,-0.15543692169362078
113006,-1.6185530639687487,-0.1601231099867728
113129,-1.6756343439833234,-0.16593909281218983
113230,-1.7398011651141008,-0.17015911187042912
113333,-1.8110822412855654,-0.1444734069263333
113436,-1.8340792980550344,-0.10732985919322025
113540,-1.8360127332510878,-0.06498621613713755
113644,-1.8209323182851576,-0.027147885352500355
113746,-1.7662710828476103,-0.007811801865422388
113854,-1.7329014370020874,-0.008414406630295374
113955,-1.7024704935733614,-0.04290267106580403
114058,-1.6802895667716775,-0.12121202996882015
114159,-1.6742991985792788,-0.2261673615208259
114262,-1.6758427832378768,-0.3481704368357886
114363,-1.6811253519896923,-0.461658021280652
114466,-1.6953111267048215,-0.5924713338761015
114569,-1.7115484383771582,-0.7379523384521848
114671,-1.7276333380977327,-0.8954591164951377
114772,-1.7309077151990762,-1.0602900252918108
114875,-1.7238845767820536,-1.23006843432902
114978,-1.6788339140530437,-1.4559813070610608
115080,-1.675247988239942,-1.6335573049350467
115182,-1.679706338188611,-1.8123449588113165
115285,-1.6982715150308614,-1.9911328000427986
115388,-1.71749762237136,-2.1647599250287333
115490,-1.7301531152861434,-2.3295621503310042
115591,-1.730241822610162,-2.4826090280145503
115694,-1.7221475472759993,-2.622935220598459
115797,-1.68179270596558,-2.7862411121064534
115902,-1.6752048746889574,-2.8927441716504703
116009,-1.6745568897326628,-2.980819808150256
116110,-1.6707151263787678,-3.0925828149824803
116211,-1.65411142750902,-3.172770531756267
116312,-1.6296162831441556,-3.2096966795272412
116415,-1.6012225246023402,-3.212382218157494
116517,-1.5770173222219952,-3.1880508299665133
116618,-1.5618002662914723,-3.145025555811532
116720,-1.5596738431402746,-3.0938209029259442
116822,-1.5765432776525155,-3.044754376045618
116925,-1.6197077156387027,-3.0026118389522356
117028,-1.6945052777100729,-2.9785879058916693
117132,-1.7315807873013975,-2.974923963438672
117238,-1.818059069257015,-2.9696476917953643
117340,-1.8971571335569157,-2.9690798058742423
117446,-1.9869204192262422,-2.970083482003464
117550,-2.1213974323216864,-2.9779324477701663
117651,-2.197814912534587,-3.0070236402708326
117763,-2.312567342666407,-3.0189310019965148
117865,-2.4704872840505177,-3.0251598035551144
117971,-2.5504323643810287,-3.0243921965160263
118073,-2.6708921997807207,-3.0216517078090877
118184,-2.7896038495962934,-3.0114425249265224
118294,-2.9444416932658357,-2.9945310226875175
118398,-3.0194396802419474,-2.9842482520723865
118502,-3.1289255487658605,-2.972988727185398
118603,-3.233712452528212,-2.9691864260957064
118704,-3.3314729710867836,-2.9692316389739353
118810,-3.3918350027820185,-2.9710931000090897
118919,-3.473759652648497,-2.9757868488500305
119028,-3.5437523801746,-2.982513306954549
119130,-3.62967765266578,-3.013180593285108
119231,-3.6934074601661173,-2.9948256784743967
119334,-3.724138550810379,-2.9539842963711367
119446,-3.728828023308812,-2.9007825012704695
119547,-3.71486416719383,-2.845493954978381
119649,-3.6882124505800937,-2.800232085413932
119751,-3.644017520629722,-2.7736739006384417
119853,-3.6126206341388003,-2.792880775871473
119957,-3.591411837056981,-2.85734986100315
120060,-3.592736775680418,-2.9783021282441586
120165,-3.616062192724075,-3.1766378985259514
120266,-3.631280527340355,-3.4577036523665794
120367,-3.61946452977176,-3.678785783639712
120468,-3.5744801654467673,-4.0474669454747
120570,-3.603130928771561,-4.448224515695312
120673,-3.630959189405276,-4.854420699286064
120775,-3.577587184734082,-5.250645149302133
120882,-3.581093658744586,-5.611808655174982
120986,-3.6253688253646597,-6.003616769406876
121091,-3.6313218477626266,-6.150900209359956
121194,-3.6502348148745867,-6.303551295948651
121297,-3.7279942940869177,-6.394960672730937
121403,-3.867762622644986,-6.427086589455442
121505,-4.011140208564651,-6.41271850393468
121606,-4.099389212690173,-6.390063331606513
121707,-4.197708559825108,-6.344412551288168
121818,-4.219257913284572,-6.277693377085259
121920,-4.16454230898166,-6.250926017104387
122023,-4.054691601687295,-6.2345925518741865
122125,-3.7669009591121663,-6.23383922029406
122227,-3.5085852196900174,-6.2223716606256625
122328,-3.3321727142805315,-6.181113148358519
122430,-3.128736060802013,-6.1747208646730725
122532,-2.8999239674549364,-6.182922498455009
122637,-2.647275121240453,-6.211621452084708
122741,-2.374673500351125,-6.231231405832507
122842,-2.0854203608631714,-6.217154548847651
122946,-1.7804852577313373,-6.174431870285988
123047,-1.4588165711894778,-6.189704245414498
123148,-1.1250902171614001,-6.227611614762667
123253,-0.8972747718603574,-6.2301607254391005
123356,-0.5468423107032633,-6.178177081095645
123458,-0.18988647069955297,-6.179679621563227
123559,0.16929832693455293,-6.220446948630421
123661,0.5327202717101251,-6.227758102412732
123768,0.9032775176354022,-6.175622666688099
123869,1.3855453070640504,-6.201490208655245
123970,1.6220068698301757,-6.2278784310285875
124074,2.1013714346112993,-6.186967379130179
124178,2.449402122231554,-6.175910575544258
124285,2.780599520857046,-6.2032750596474875
124386,3.0995699784504334,-6.2307989181973715
124490,3.3090994885120386,-6.22506302853126
124593,3.5185906042687476,-6.182481535608641
124696,3.8080020448223912,-6.17562325029913
124808,3.988199497795363,-6.185197501893865
124913,4.2397624959112825,-6.214741939367566
125014,4.396779203453167,-6.229222963599944
125131,4.615897851827801,-6.229263396771078
125232,4.8119105006315435,-6.191442169662368
125335,4.925294380239313,-6.17989182835674
125437,5.200607145189705,-6.175951863389764
125540,5.489081948578705,-6.200244410696001
125643,5.657223697128888,-6.21465146125661
125749,5.715385065622478,-6.209937510885716
125851,5.665089594539786,-6.200696575613034
125953,5.597655928025374,-6.192529309717708
126065,5.404901054349205,-6.180536696622536
126166,5.230844824681985,-6.205306794863668
126269,5.0931283165112085,-6.219573997307546
126371,4.998529029366256,-6.22471976603785
126478,4.956073958171008,-6.225523205716766
126580,4.902823916178127,-6.225170450720992
126681,4.8398817138727,-6.224177051151134
126784,4.793019074327631,-6.222818501578853
126887,4.715949372692011,-6.218818411885861
126989,4.601670585104229,-6.207910071421
127090,4.509588589026651,-6.198084987934373
127193,4.41367397424422,-6.187140829390883
127294,4.315958272745866,-6.177005466615692
127397,4.218797649593491,-6.170856754917125
127498,4.123860212871696,-6.17037115706266
127599,4.061470067459969,-6.1702428691038325
127702,3.9710917683167533,-6.174429073820318
127804,3.8613502826968036,-6.205982730814315
127906,3.7806736242155954,-6.2158734197559316
128009,3.7049899125122105,-6.221861474923925
128114,3.6359129573153037,-6.224275280804623
128215,3.5751955801114996,-6.225682783928373
128320,3.524145905360462,-6.225535533787498
128424,3.4688365872802773,-6.226857704864407
128527,3.4163777888113445,-6.244024061635044
128630,3.388022671997322,-6.273885116280611
128731,3.3799737294005077,-6.308361830965776
128832,3.3879223572915986,-6.341136478950845
128933,3.4080736153157276,-6.364895639709572
129036,3.433637542548355,-6.374520913503758
129138,3.471095586905982,-6.350860898851191
129250,3.4944313422123847,-6.297215789629063
129351,3.5134969405460406,-6.204531105451999
129455,3.521845366845603,-6.136454027399928
129557,3.5285345887918687,-6.0548421675397615
129663,3.5311993886531394,-5.958780868619478
129764,3.530000084402853,-5.849724586046314
129867,3.52624277929839,-5.770441284569844
129969,3.4876593730613235,-5.594103206639712
130074,3.4769162062741037,-5.455649695558463
130176,3.475203586681521,-5.3135679843499695
130278,3.478081677708788,-5.169099501720307
130381,3.4904009757323995,-5.025085360361726
130486,3.5065239210468127,-4.882131258964151
130589,3.523779047254437,-4.741324043824541
130692,3.530412243896272,-4.556510000781511
130796,3.529867241955908,-4.467288766635241
130898,3.5179868097181757,-4.297941881655652
130999,3.482930276330653,-4.179880522184457
131106,3.476168162713912,-4.077988323292499
131215,3.474269777005106,-3.9905611295391816
131316,3.474993859351749,-3.918944795269045
131417,3.4835626448695987,-3.8318940343674512
131518,3.517387727959752,-3.768232611632645
131619,3.568163381352233,-3.7390167233194607
131720,3.624322959899346,-3.7364741954917116
131823,3.677186807161625,-3.751785850326848
131925,3.7130621723050754,-3.7807924295461746
132035,3.7243858262818716,-3.815316499784198
132139,3.7024163360137217,-3.845903459834149
132245,3.636752518162884,-3.865761515927259
132351,3.5179129630052404,-3.869670339364115
132459,3.4503655730080753,-3.868691749615074
132560,3.3849368832285047,-3.8688199120325644
132662,3.3105924406204905,-3.8703524618656115
132763,3.228302543738791,-3.875283836501035
132866,3.1413697811013823,-3.9060363774844014
132976,3.046160776783897,-3.9173351778012018
133080,2.9089988734480285,-3.9245134052223776
133181,2.836408861497695,-3.9251982546911512
133284,2.723137134124405,-3.923731159825446
133385,2.6048187845157376,-3.9174072244597347
133487,2.439960529601582,-3.8998580597877446
133589,2.3129267282224655,-3.8856127465148753
133690,2.1842949422822677,-3.872752865106826
133808,2.056461269962898,-3.8694057577900867
133910,1.9293693675710903,-3.871325530377791
134013,1.8040992515253758,-3.880479774330049
134115,1.6849629043939538,-3.916205083647701
134216,1.5621284430334754,-3.9244138128407258
134318,1.4402628483559279,-3.924980614179139
134421,1.3210473753826526,-3.922673884563587
134523,1.204992816026131,-3.9156491066662817
134628,1.0927620998088603,-3.9022332691490678
134730,0.986537771755587,-3.8913174835979767
134831,0.8865094613652217,-3.8787858017776586
134937,0.765158647528293,-3.8697990925095724
135040,0.6837688285814538,-3.868926319892783
135141,0.6108910436103842,-3.8689628840738273
135243,0.5472046402914655,-3.8715030574001856
135346,0.47990066283256555,-3.875833999308318
135448,0.36285449153339944,-3.9173006479780117
135549,0.28255871018952533,-3.948598464606989
135652,0.26868249324589566,-3.970209828318516
135754,0.28308090976290545,-3.990726686358566
135859,0.3170532782787772,-4.004867713992519
135963,0.36258281641605583,-4.008129585195068
136066,0.4108848674164906,-3.99731815995181
136167,0.45128168641320066,-3.969618466417447
136269,0.4740029751429198,-3.921317434669758
136371,0.47706849560850023,-3.8751274886221703
136473,0.47874814113016106,-3.830364799003429
136581,0.4829932159283751,-3.7776455424647217
136686,0.4891078769927689,-3.7179374280806763
136789,0.4977269529574411,-3.6521981510592942
136904,0.5074489267535631,-3.5562466410164206
137007,0.517460539566911,-3.4794881252988743
137110,0.5258105736022372,-3.3994091122921177
137213,0.5304733932378887,-3.3170468130894504
137314,0.5309111724336765,-3.233654637258582
137418,0.5301447919029618,-3.1504829626811754
137524,0.5245934223811235,-3.042022117753648
137625,0.5168824093805,-2.964055620811251
137728,0.4857579392262897,-2.8916553086015626
137829,0.4801771626007194,-2.8223866304422094
137930,0.4759428599863794,-2.758612324242847
138034,0.4746115319865604,-2.6836075219947326
138135,0.47471286685962893,-2.63634916425864
138237,0.47436359168194797,-2.609728247046544
138338,0.4670985426294234,-2.557006906533594
138449,0.4206491413705473,-2.5091111889112008
138550,0.38831240623887564,-2.498255334754022
138661,0.33806265840924093,-2.496278238966904
138762,0.3076140612313299,-2.503456298697111
138872,0.2625486765792585,-2.5296254966051714
138974,0.25519310397496675,-2.5538754248894366
139075,0.28306173708799504,-2.5779979684331886
139178,0.3266633810011516,-2.593266839486575
139279,0.43711445343142485,-2.6182264019139994
139382,0.5345063084167422,-2.6284989703577994
139484,0.6017015742415214,-2.6310462420932184
139585,0.6522458410261948,-2.631085937104171
139688,0.736124476683178,-2.630528474854198
139791,0.8294222041577479,-2.6258166741833606
139895,0.9316959446810933,-2.6168044925382175
140006,1.0842179393858673,-2.5802070866913387
140107,1.2033671927751552,-2.5746621521149957
140209,1.3268339946987997,-2.575857612769677
140312,1.4543391660976879,-2.579789658610828
140413,1.5834110447591507,-2.5926079312400505
140515,1.7147280348642318,-2.607301402568784
140618,1.8927293874930684,-2.6271498944925615
140719,2.0312837353442275,-2.6295999268193575
140822,2.1721031352183746,-2.6267342671304084
140923,2.322202466237395,-2.5937523464049335
141024,2.4654974572628316,-2.580241867622801
141125,2.6042918603011715,-2.575479232977015
141230,2.7385797828648464,-2.57689109013814
141333,2.867964882042164,-2.5835541759535072
141437,2.9912504666608273,-2.597712237975638
141546,3.148903710198745,-2.6155983885011733
141647,3.261546257043739,-2.627068008253686
141750,3.3698832610724048,-2.6306116264241814
141852,3.471793787867906,-2.630433317773293
141954,3.5661973939926632,-2.6262131889774136
142067,3.6516747511389815,-2.6194554822413973
142168,3.75057379667347,-2.586190410882579
142271,3.828304720798945,-2.579738983768637
142377,3.957781714923477,-2.579129947809758
142479,4.041518980887404,-2.590471395893365
142582,4.085777078206624,-2.606224062944629
142684,4.097395886260704,-2.624466417668946
142786,4.083200775722874,-2.641964785227637
142887,4.048335338726859,-2.6543873407067786
142990,3.997880786117435,-2.6560502265306534
143091,3.9326051236354407,-2.6433552082517657
143193,3.854105893362945,-2.6158269903122946
143300,3.7826912852269867,-2.5848613220443033
143402,3.7269783611756613,-2.558259000301041
143503,3.659092578515793,-2.527730703717256
143606,3.580995159064864,-2.495566329954467
143708,3.4950827035573275,-2.4647297685290774
143809,3.4026403562335243,-2.433483744111906
143912,3.305722031919768,-2.4041626186934733
144013,3.212547829456112,-2.3993216839690845
144114,3.1102363641772732,-2.3731432745135437
144216,3.0041475099632033,-2.3407649898796126
144319,2.859248574736242,-2.2892019228844096
144424,2.7507311200321967,-2.247469849633186
144525,2.6433171505752937,-2.2003486750876666
144630,2.5400134750897716,-2.1531302843759264
144733,2.442560755266317,-2.1069556661315967
144836,2.3251206270651403,-2.053159742730137
144944,2.2727396893528384,-2.0319103183700307
145046,2.181558928256904,-1.9983973308876688
145148,2.126104703273673,-1.978794956358013
145250,2.06696104623244,-1.9616390043869778
145353,2.01340876279666,-1.9622203226078616
145456,1.9873036564261575,-1.9843391966214612
145558,1.9732543503048225,-2.051716873508499
145659,1.9841181283309535,-2.0899914539176274
145761,1.9957773510769146,-2.1123320157176155
145864,2.0270969487603847,-2.1351264365738425
145967,2.0517113483631335,-2.1250895285556712
146069,2.068597393765832,-2.084161493361493
146172,2.0741509277050083,-2.00402480423462
146273,2.0753462074031934,-1.873266315398599
146376,2.079025296075891,-1.7580140412200551
146479,2.1006193316595003,-1.5551333441698767
146585,2.1259575592498154,-1.326199509517011
146697,2.1302251598684916,-1.1615878734637546
146798,2.0853986574780454,-0.8122517159027978
146903,2.0752599219681445,-0.5653298704956293
147005,2.0826675845643186,-0.34480301153345044
147108,2.1023670186652508,-0.1600158750801309
147212,2.1198946358041817,-0.019366244299541292
147313,2.140313164421969,0.07893088567280843
147414,2.181693654223054,0.15518575594598924
147515,2.2361009038886452,0.20950241971608277
147616,2.292486564423191,0.24126107151549453
147726,2.3523696414535267,0.24722048320028364
147828,2.3738980036115342,0.2279544273958285
147929,2.363069119264579,0.18794646013699726
148030,2.318871069799702,0.10737693714689865
148133,2.2185294904080526,0.03142068069420938
148239,2.0808119139955426,-0.03492237763313735
148341,1.9164609725183686,-0.10145775766817113
148442,1.7548933029391094,-0.15373530982111536
148554,1.568869618840173,-0.21225030633047479
148658,1.3699345083941148,-0.28387264643537635
148760,1.169724009878837,-0.3761918433177858
148864,0.9838744087896572,-0.5034188512836856
148965,0.6825576957783837,-0.6365579896316691
149067,0.4336022818165152,-0.7186258174923466
149169,0.18201389611761132,-0.7988316145120706
149270,-0.051878399344988585,-0.900568578563936
149378,-0.25698564034659777,-1.039398078107125
149484,-0.4789918961771831,-1.142056908550891
149587,-0.7012381156812898,-1.2246570268304855
149691,-0.9174262914302749,-1.2903861371857943
149795,-1.1729231215219194,-1.3816876805384948
149912,-1.3333007904979832,-1.4566351923437098
150014,-1.4537654663859516,-1.5483956348041468
150122,-1.528281041436412,-1.5895989725578892
150225,-1.7082830520458532,-1.6699791538104298
150331,-1.832341118630263,-1.7087518522835428
150434,-1.91421234431708,-1.7217060202888637
150535,-1.9558232267794449,-1.717169242191366
150637,-1.9600457884479767,-1.6998624367268937
150738,-1.9357573878591594,-1.6760168929198995
150848,-1.8863023228787472,-1.6535174258937257
150951,-1.7828127372788778,-1.6327917387385897
151055,-1.6819605524535117,-1.6282795277527453
151162,-1.5835378437351202,-1.6304373466050028
151263,-1.5129679220637224,-1.631119402498848
151374,-1.4277684551071947,-1.6307324680908297
151475,-1.3303761893325827,-1.6258389442785313
151580,-1.223006620009225,-1.6162998722507604
151683,-1.1121408238710697,-1.5817803278153326
151791,-0.944816438557735,-1.5750551988664794
151895,-0.8108746210037369,-1.5765728300255086
151996,-0.6714861084378819,-1.5836182671399284
152098,-0.5276994258179214,-1.5992135704053363
152203,-0.38366061900481124,-1.6150518539214391
152306,-0.24215214257019424,-1.6278630643334626
152412,-0.10657541500484866,-1.630361157080865
152515,0.06420854182075122,-1.6246966908683604
152618,0.1442674228800796,-1.6169289477108044
152721,0.29066802960243454,-1.5798136888757348
152823,0.3924741308501975,-1.5749230605392677
152926,0.482468563919631,-1.5747337565357369
153029,0.5583086034922538,-1.57563483760242
153132,0.6356149661341024,-1.5754657802721963
153240,0.7140133396243545,-1.547731404874181
153341,0.7540756741845414,-1.4941090482905406
153442,0.7620901485445022,-1.4261000607624812
153543,0.7444000737490677,-1.3580025511851188
153645,0.7099645396942825,-1.3017166138496148
153747,0.6680914383832727,-1.2716972482146445
153857,0.6259474238681725,-1.2844240994953318
153961,0.5820810647805839,-1.3951801813683546
154063,0.573538766203042,-1.5689369146049184
154166,0.6086350810673367,-1.714447322314882
154268,0.6234035233143016,-1.8781653416241826
154369,0.6246260996720847,-2.0703329475632803
154474,0.6024281060603245,-2.3633003895463007
154581,0.569668158271172,-2.6919788928497015
154682,0.5745760085810231,-2.9596311280050385
154783,0.6229974742817402,-3.2412265005385814
154886,0.6225879011180556,-3.528133927450356
154987,0.5946169939285244,-3.8194702051983382
155088,0.5688985322550928,-4.112891911233165
155189,0.5807036989347325,-4.403465170377064
155290,0.6257168170795805,-4.685662031213196
155391,0.6188835266683943,-4.9597873626184485
155492,0.5902744552985009,-5.22204552827725
155593,0.5690330778246037,-5.466742132597823
155694,0.5734655613840892,-5.6884540853853345
155795,0.6074889362053891,-5.820809046900458
155896,0.6255370473985027,-6.05252619025234
155997,0.6247153297108059,-6.190672261489813
156099,0.644699047462156,-6.378835145079351
156205,0.7156346122083488,-6.4909893721321
156313,0.8208604335284543,-6.530915253418302
156414,0.9409107095076573,-6.515110885206996
156516,1.055224217341,-6.464419368357473
156619,1.1325912602028447,-6.392900170446384
156720,1.1472585834825284,-6.317202874069003
156821,1.078049924573233,-6.276030481897261
156923,0.8853644252610098,-6.241655339951926
157024,0.5766730057636438,-6.219100483161155
157127,0.34794722938897005,-6.195125138454972
157228,0.06784570313762918,-6.168889452774161
157329,-0.2609034552801448,-6.183194454632966
157430,-0.6315918740615258,-6.224799023425591
157531,-1.0330460638063184,-6.193949060857013
157636,-1.4641258219245536,-6.169809504802777
157740,-1.9176717473016807,-6.22544310608691
157844,-2.388008982403503,-6.196070524693821
157945,-2.869970769585901,-6.171661897410288
158046,-3.3492713665414655,-6.225390844242421
158147,-3.83606304290137,-6.1862342429659405
158249,-4.31225289897874,-6.176324220771968
158350,-4.764553465826461,-6.224328957831837
158454,-5.211643948772011,-6.186040947741771
158559,-5.6282617638854004,-6.1724688930233045
158661,-6.001042432522359,-6.225078706659848
158764,-6.3473371795465505,-6.212550916878396
158868,-6.6508135065201115,-6.177967101067869
158969,-6.899084845617941,-6.169051862127346
159071,-7.195569195620446,-6.213809812504007
159174,-7.5573818064563305,-6.22272362234741
159276,-7.854169266583627,-6.198397231545266
159377,-8.07121242340702,-6.1851683578004195
159479,-8.221416306512339,-6.195121704919707
159580,-8.279650172608038,-6.2072658136925405
159681,-8.225283261164307,-6.216422088511335
159784,-8.059456171559619,-6.188501746651027
159886,-7.710668119537113,-6.176678063564306
159988,-7.185477981377706,-6.225632367292923
160089,-6.7410079073945255,-6.1940112754394585
160191,-6.292562331394716,-6.176844505723282
160292,-5.771126130178588,-6.228149390309333
160393,-5.156844053249218,-6.176108979004326
160494,-4.502257972008462,-6.219513483566261
160595,-3.7696808945598255,-6.176506595197844
160701,-3.0262503346451113,-6.227187989947057
160806,-2.21385672652959,-6.177185925496434
160907,-1.418524058106823,-6.226473326276618
161008,-0.5801507146369115,-6.197348226070155
161110,0.25356006100242845,-6.182137204479067
161211,1.0544413560168615,-6.2250614507072255
161312,1.8714911892141322,-6.176928404809948
161415,2.621257139706136,-6.229295354056486
161518,3.365588725281772,-6.179505077261286
161621,4.029190989190756,-6.229486904946609
161723,4.6577687141415876,-6.1763037888585774
161827,5.194001519290429,-6.22809228786891
161928,5.661853642472968,-6.187678450299187
162031,6.063638486947777,-6.177124320434459
162132,6.614940333270688,-6.229984544727533
162233,6.9778129191370235,-6.216913851601567
162337,7.151456410573966,-6.188284077738391
162439,7.206170592153239,-6.1970086539408715
162542,7.149271123366727,-6.2084624472432575
162647,7.003379680317123,-6.217703823043297
162750,6.798365820704293,-6.208771414590563
162851,6.535546395777145,-6.180189292466768
162957,6.22397794755948,-6.1772130237344935
163059,5.952678013088296,-6.22096654528416
163163,5.76295129185091,-6.221602041726829
163264,5.529749001031121,-6.20593910618069
163367,5.254845176537857,-6.170873533178588
163470,4.9499876212147,-6.1527939390739155
163571,4.634292345196244,-6.195002373881512
163672,4.286334258979423,-6.193743935724316
163774,3.909086759903351,-6.152324791251725
163875,3.5255126713843983,-6.13109839209647
163976,3.155407659352525,-6.176979241044168
164079,2.7627458245156196,-6.157968177349508
164180,2.365222149404157,-6.111955152155402
164281,1.9954858214719005,-6.139667723483321
164386,1.6326652088749305,-6.152403522128243
164487,1.2768840464830853,-6.121334860348083
164590,0.9438569395360018,-6.086438618862596
164691,0.6448977839622919,-6.093170960394181
164792,0.3795268521557835,-6.1327688980080515
164894,0.1447253334310902,-6.126343989526352
164995,-0.048845894906004286,-6.104184286023292
165096,-0.2828640080051172,-6.0923042082437995
165198,-0.4523453949830585,-6.16301656900081
165299,-0.5280008408333275,-6.287711681291643
165400,-0.5456427259243549,-6.455750713103662
165501,-0.5053027396166224,-6.591765639843264
165605,-0.42563139592628246,-6.682089880627385
165706,-0.32531711507687555,-6.706018023870066
165807,-0.22556175085808094,-6.6414241129976395
165909,-0.13215261987597385,-6.462034135719745
166010,-0.0695005556394277,-6.147161559807179
166113,-0.07784796089060131,-5.894714243682753
166214,-0.13585486592317872,-5.605124189661981
166315,-0.146411090420069,-5.266389305630418
166418,-0.11937954410226712,-4.8863506422542216
166520,-0.13799639896747554,-4.4649136180618125
166621,-0.20396135436752047,-4.008555085881583
166723,-0.17899821270226185,-3.532949725119072
166828,-0.2260268362481811,-3.034398046496109
166929,-0.26002318505152355,-2.524643289730847
167030,-0.22672962651552583,-2.009476643223576
167131,-0.2959779877490344,-1.494936867929478
167232,-0.2883051791140723,-0.986482429014943
167333,-0.26473162954841845,-0.4900575951837897
167434,-0.32487318509403573,-0.01858556060500991
167535,-0.2966553815996787,0.4317926450820583
167637,-0.26084879758890644,0.8497356837233129
167738,-0.2986342704131675,1.2226685904661283
167840,-0.2790215772657775,1.553889402583527
167941,-0.22208932654978022,1.8340531431495426
168042,-0.14446176020252627,2.1063364512078504
168152,-0.0368797411386784,2.3955314197114097
168254,0.08343347792109258,2.5627045248312554
168356,0.277204133980871,2.6134858884412857
168457,0.5005881357555405,2.569247587654336
168562,0.7335783645721003,2.449236389658565
168663,0.9473410268221487,2.306173581496591
168766,1.1397485939958092,2.181249581585366
168867,1.3107852952402541,2.106361705709975
168969,1.4474791993261749,2.0366764110281337
169070,1.5378257904846333,2.0238624750554206
169173,1.6051676975238003,2.020407687366057
169274,1.6564400223308708,2.014434757602651
169375,1.6928903477134678,2.0077528732194265
169479,1.7119862839567956,2.0029180226660315
169580,1.713340968673157,1.9985752221672346
169681,1.6987733216063428,1.9958033309695598
169782,1.6664746153524894,1.9979618402837094
169884,1.6108155185188129,2.0024765204754367
169987,1.5318752599714884,2.0128190663626335
170089,1.420621583755556,2.0249752395586342
170193,1.2603917181454896,2.0307913006695513
170294,1.0643596364374535,2.025045069393406
170395,0.8485106250269115,1.9810027178416285
170496,0.6097000590510998,1.9754062741257563
170597,0.36621869634367754,1.9885165445887476
170699,0.13371457275387869,2.015877152374629
170809,-0.07565386233611937,2.031026646674155
170911,-0.2528779393725551,2.0284163552225705
171013,-0.38593231801649847,2.0178963709624003
171117,-0.4679530208858571,1.9996578238903753
171221,-0.5126175304113335,2.039208440351327
171322,-0.5268752167875269,2.0984146652474576
171423,-0.5188026558235969,2.1667254455416662
171527,-0.4958100183614994,2.2299499188644303
171628,-0.46419543613570924,2.2736442787616387
171729,-0.430286160637713,2.2844124705245745
171830,-0.4015368272368332,2.249381114102666
171931,-0.38795554317258407,2.1553278122172967
172032,-0.4024057637208076,1.9939462164130588
172135,-0.42017556804792794,1.8745273934247375
172238,-0.4366686878074515,1.726576455716697
172339,-0.4417886134355763,1.5545571763154054
172440,-0.43354088725648576,1.3626176534796524
172543,-0.39744036948576866,1.1559093723283658
172645,-0.4029127916364038,0.9298522337356726
172747,-0.42855190595805825,0.6895047398872921
172850,-0.46241426323599455,0.4395990264510219
172953,-0.47611612829754224,0.18660356207833834
173058,-0.44070183631293464,-0.06397111544007596
173160,-0.4324806902483945,-0.31686208928429355
173262,-0.4469966252540744,-0.567723047806249
173370,-0.4918480034012187,-0.8914953941602617
173471,-0.5067209545443923,-1.0454345763936137
173573,-0.5092675815162885,-1.2638373703049426
173674,-0.4718883445072084,-1.464877693506791
173785,-0.4654706431019332,-1.6471526495328945
173886,-0.470926176455191,-1.8064746993776144
173991,-0.48599197008041994,-1.977310169425516
174093,-0.4887115917471047,-2.000734473566787
174194,-0.4888122678510445,-2.0016348497807486
174295,-0.4889131061062354,-2.002533597906972
174396,-0.4890191128662083,-2.0034307070886244
174497,-0.48912492760417725,-2.0043261912351955
174600,-0.4892305504504741,-2.005220051449646
174701,-0.4893359815354254,-2.006112288834935
174804,-0.48940616245567087,-2.006706212731376
174905,-0.4895462689426187,-2.007891899529869
175009,-0.4896511255255296,-2.0087792750454354
175110,-0.4897557908684223,-2.0096650321436806
175212,-0.4898602651016286,-2.010549171927565
175313,-0.489964548355475,-2.011431695500049
175414,-0.4900686407602935,-2.012312603964093
175515,-0.4901379297339688,-2.0128989795356595
175616,-0.49029363297646006,-2.0140695384594967
175717,-0.4904135995120987,-2.014945568926982
175818,-0.4905333454834683,-2.015819988770102
175921,-0.4906528710415934,-2.0166927990917665
176022,-0.49077217633751735,-2.017564000994888
176124,-0.49085159090815816,-2.0181439092424243
176226,-0.4910101267468979,-2.0193015839571395
176327,-0.49112877216242884,-2.020167967222092
176429,-0.49120774706454035,-2.020744664882367
176531,-0.49136540417035746,-2.021895922834202
